TRUNCATE TABLE DOCTYPES_FIRST_LEVEL;
TRUNCATE TABLE DOCTYPES_SECOND_LEVEL;
TRUNCATE TABLE DOCTYPES;
TRUNCATE TABLE MLB_DOCTYPE_EXT;
TRUNCATE TABLE DOCTYPES_INDEXES;
TRUNCATE TABLE TEMPLATES_DOCTYPE_EXT;

INSERT INTO doctypes_first_level (doctypes_first_level_id, doctypes_first_level_label, css_style, enabled) VALUES (1, 'COURRIERS', '#000000', 'Y');
INSERT INTO doctypes_second_level (doctypes_second_level_id, doctypes_second_level_label, doctypes_first_level_id, css_style, enabled) VALUES (1, '01. General Correspondence', 1, '#000000', 'Y');
INSERT INTO doctypes (type_id, description, enabled, doctypes_first_level_id, doctypes_second_level_id, process_delay, delay1, delay2, process_mode) VALUES (101, 'Subscriptions – documentation – archives', 'Y', 1, 1, 30, 14, 1, 'NORMAL');
INSERT INTO doctypes (type_id, description, enabled, doctypes_first_level_id, doctypes_second_level_id, process_delay, delay1, delay2, process_mode) VALUES (102, 'Convocation', 'Y', 1, 1, 60, 14, 1, 'NORMAL');
INSERT INTO doctypes (type_id, description, enabled, doctypes_first_level_id, doctypes_second_level_id, process_delay, delay1, delay2, process_mode) VALUES (103, 'Document query', 'Y', 1, 1, 30, 14, 1, 'NORMAL');
INSERT INTO doctypes (type_id, description, enabled, doctypes_first_level_id, doctypes_second_level_id, process_delay, delay1, delay2, process_mode) VALUES (104, 'Furnitures and hardware query', 'Y', 1, 1, 60, 14, 1, 'NORMAL');
INSERT INTO doctypes (type_id, description, enabled, doctypes_first_level_id, doctypes_second_level_id, process_delay, delay1, delay2, process_mode) VALUES (105, 'Appointment query', 'Y', 1, 1, 60, 14, 1, 'NORMAL');
INSERT INTO doctypes (type_id, description, enabled, doctypes_first_level_id, doctypes_second_level_id, process_delay, delay1, delay2, process_mode) VALUES (106, 'Information query', 'Y', 1, 1, 60, 14, 1, 'NORMAL');
INSERT INTO doctypes (type_id, description, enabled, doctypes_first_level_id, doctypes_second_level_id, process_delay, delay1, delay2, process_mode) VALUES (108, 'Multi-purpose query', 'Y', 1, 1, 60, 14, 1, 'NORMAL');
INSERT INTO doctypes (type_id, description, enabled, doctypes_first_level_id, doctypes_second_level_id, process_delay, delay1, delay2, process_mode) VALUES (110, 'Invitation', 'Y', 1, 1, 60, 14, 1, 'NORMAL');
INSERT INTO doctypes (type_id, description, enabled, doctypes_first_level_id, doctypes_second_level_id, process_delay, delay1, delay2, process_mode) VALUES (111, 'Memo', 'Y', 1, 1, 60, 14, 1, 'NORMAL');
INSERT INTO doctypes_second_level (doctypes_second_level_id, doctypes_second_level_label, doctypes_first_level_id, css_style, enabled) VALUES (2, '02. Presidency', 1, '#000000', 'Y');
INSERT INTO doctypes (type_id, description, enabled, doctypes_first_level_id, doctypes_second_level_id, process_delay, delay1, delay2, process_mode) VALUES (202, 'Communication', 'Y', 1, 2, 60, 14, 1, 'NORMAL');
INSERT INTO doctypes (type_id, description, enabled, doctypes_first_level_id, doctypes_second_level_id, process_delay, delay1, delay2, process_mode) VALUES (203, 'Politics', 'Y', 1, 2, 60, 14, 1, 'NORMAL');
INSERT INTO doctypes (type_id, description, enabled, doctypes_first_level_id, doctypes_second_level_id, process_delay, delay1, delay2, process_mode) VALUES (204, 'International relations', 'Y', 1, 2, 60, 14, 1, 'NORMAL');
INSERT INTO doctypes (type_id, description, enabled, doctypes_first_level_id, doctypes_second_level_id, process_delay, delay1, delay2, process_mode) VALUES (205, 'Thankings and congratulations', 'Y', 1, 2, 60, 14, 1, 'NORMAL');
INSERT INTO doctypes (type_id, description, enabled, doctypes_first_level_id, doctypes_second_level_id, process_delay, delay1, delay2, process_mode) VALUES (206, 'Security', 'Y', 1, 2, 60, 14, 1, 'NORMAL');
INSERT INTO doctypes (type_id, description, enabled, doctypes_first_level_id, doctypes_second_level_id, process_delay, delay1, delay2, process_mode) VALUES (207, 'Suggestion', 'Y', 1, 2, 60, 14, 1, 'NORMAL');
INSERT INTO doctypes_second_level (doctypes_second_level_id, doctypes_second_level_label, doctypes_first_level_id, css_style, enabled) VALUES (3, '03. Finance and banking', 1, '#000000', 'Y');
INSERT INTO doctypes (type_id, description, enabled, doctypes_first_level_id, doctypes_second_level_id, process_delay, delay1, delay2, process_mode) VALUES (301, 'Claim', 'Y', 1, 3, 60, 14, 1, 'NORMAL');
INSERT INTO doctypes (type_id, description, enabled, doctypes_first_level_id, doctypes_second_level_id, process_delay, delay1, delay2, process_mode) VALUES (302, 'Contract', 'Y', 1, 3, 60, 14, 1, 'NORMAL');
INSERT INTO doctypes (type_id, description, enabled, doctypes_first_level_id, doctypes_second_level_id, process_delay, delay1, delay2, process_mode) VALUES (303, 'Loan', 'Y', 1, 3, 60, 14, 1, 'NORMAL');
INSERT INTO doctypes (type_id, description, enabled, doctypes_first_level_id, doctypes_second_level_id, process_delay, delay1, delay2, process_mode) VALUES (304, 'Payment', 'Y', 1, 3, 60, 14, 1, 'NORMAL');
INSERT INTO doctypes (type_id, description, enabled, doctypes_first_level_id, doctypes_second_level_id, process_delay, delay1, delay2, process_mode) VALUES (305, 'Invoice', 'Y', 1, 3, 60, 14, 1, 'NORMAL');
INSERT INTO doctypes (type_id, description, enabled, doctypes_first_level_id, doctypes_second_level_id, process_delay, delay1, delay2, process_mode) VALUES (306, 'Proposal', 'Y', 1, 3, 60, 14, 1, 'NORMAL');
INSERT INTO doctypes_second_level (doctypes_second_level_id, doctypes_second_level_label, doctypes_first_level_id, css_style, enabled) VALUES (4, '04. Legal', 1, '#000000', 'Y');
INSERT INTO doctypes (type_id, description, enabled, doctypes_first_level_id, doctypes_second_level_id, process_delay, delay1, delay2, process_mode) VALUES (401, 'Formal notice', 'Y', 1, 4, 2, 14, 1, 'NORMAL'));
INSERT INTO doctypes (type_id, description, enabled, doctypes_first_level_id, doctypes_second_level_id, process_delay, delay1, delay2, process_mode) VALUES (402, 'Lawsuit', 'Y', 1, 4, 60, 14, 1, 'NORMAL');
INSERT INTO doctypes (type_id, description, enabled, doctypes_first_level_id, doctypes_second_level_id, process_delay, delay1, delay2, process_mode) VALUES (403, 'Claims and complains', 'Y', 1, 4, 60, 14, 1, 'NORMAL');
INSERT INTO doctypes (type_id, description, enabled, doctypes_first_level_id, doctypes_second_level_id, process_delay, delay1, delay2, process_mode) VALUES (404, 'Graceful appeals and complaints', 'Y', 1, 4, 60, 14, 1, 'NORMAL');
INSERT INTO doctypes_second_level (doctypes_second_level_id, doctypes_second_level_label, doctypes_first_level_id, css_style, enabled) VALUES (5, '05. Human ressources', 1, '#000000', 'Y');
INSERT INTO doctypes (type_id, description, enabled, doctypes_first_level_id, doctypes_second_level_id, process_delay, delay1, delay2, process_mode) VALUES (501, 'Work stoppages and illness', 'Y', 1, 5, 60, 14, 1, 'NORMAL');
INSERT INTO doctypes_indexes (type_id, coll_id, field_name, mandatory) VALUES (501, 'letterbox_coll', 'custom_t3', 'N');
INSERT INTO doctypes (type_id, description, enabled, doctypes_first_level_id, doctypes_second_level_id, process_delay, delay1, delay2, process_mode) VALUES (502, 'Staff Insurance', 'Y', 1, 5, 60, 14, 1, 'NORMAL');
INSERT INTO doctypes_indexes (type_id, coll_id, field_name, mandatory) VALUES (502, 'letterbox_coll', 'custom_t3', 'N');
INSERT INTO doctypes (type_id, description, enabled, doctypes_first_level_id, doctypes_second_level_id, process_delay, delay1, delay2, process_mode) VALUES (503, 'Application', 'Y', 1, 5, 60, 14, 1, 'NORMAL');
INSERT INTO doctypes (type_id, description, enabled, doctypes_first_level_id, doctypes_second_level_id, process_delay, delay1, delay2, process_mode) VALUES (504, 'Career', 'Y', 1, 5, 60, 14, 1, 'NORMAL');
INSERT INTO doctypes_indexes (type_id, coll_id, field_name, mandatory) VALUES (504, 'letterbox_coll', 'custom_t3', 'N');
INSERT INTO doctypes (type_id, description, enabled, doctypes_first_level_id, doctypes_second_level_id, process_delay, delay1, delay2, process_mode) VALUES (505, 'Health working conditions', 'Y', 1, 5, 60, 14, 1, 'NORMAL');
INSERT INTO doctypes_indexes (type_id, coll_id, field_name, mandatory) VALUES (505, 'letterbox_coll', 'custom_t3', 'N');
INSERT INTO doctypes (type_id, description, enabled, doctypes_first_level_id, doctypes_second_level_id, process_delay, delay1, delay2, process_mode) VALUES (506, 'Exceptional leave and competition', 'Y', 1, 5, 60, 14, 1, 'NORMAL');
INSERT INTO doctypes_indexes (type_id, coll_id, field_name, mandatory) VALUES (506, 'letterbox_coll', 'custom_t3', 'N');
INSERT INTO doctypes (type_id, description, enabled, doctypes_first_level_id, doctypes_second_level_id, process_delay, delay1, delay2, process_mode) VALUES (507, 'Training', 'Y', 1, 5, 60, 14, 1, 'NORMAL');
INSERT INTO doctypes_indexes (type_id, coll_id, field_name, mandatory) VALUES (507, 'letterbox_coll', 'custom_t3', 'N');
INSERT INTO doctypes (type_id, description, enabled, doctypes_first_level_id, doctypes_second_level_id, process_delay, delay1, delay2, process_mode) VALUES (508, 'HR Instances', 'Y', 1, 5, 60, 14, 1, 'NORMAL');
INSERT INTO doctypes_indexes (type_id, coll_id, field_name, mandatory) VALUES (508, 'letterbox_coll', 'custom_t3', 'N');
INSERT INTO doctypes (type_id, description, enabled, doctypes_first_level_id, doctypes_second_level_id, process_delay, delay1, delay2, process_mode) VALUES (509, 'Retirement', 'Y', 1, 5, 60, 14, 1, 'NORMAL');
INSERT INTO doctypes_indexes (type_id, coll_id, field_name, mandatory) VALUES (509, 'letterbox_coll', 'custom_t3', 'N');
INSERT INTO doctypes (type_id, description, enabled, doctypes_first_level_id, doctypes_second_level_id, process_delay, delay1, delay2, process_mode) VALUES (510, 'Traineeship', 'Y', 1, 5, 60, 14, 1, 'NORMAL');
INSERT INTO doctypes_indexes (type_id, coll_id, field_name, mandatory) VALUES (510, 'letterbox_coll', 'custom_t3', 'N');
INSERT INTO doctypes (type_id, description, enabled, doctypes_first_level_id, doctypes_second_level_id, process_delay, delay1, delay2, process_mode) VALUES (511, 'Unions', 'Y', 1, 5, 60, 14, 1, 'NORMAL');
INSERT INTO doctypes_indexes (type_id, coll_id, field_name, mandatory) VALUES (511, 'letterbox_coll', 'custom_t3', 'N');
INSERT INTO doctypes_second_level (doctypes_second_level_id, doctypes_second_level_label, doctypes_first_level_id, css_style, enabled) VALUES (12, '12. Forms', 1, '#000000', 'Y');
INSERT INTO doctypes (type_id, description, enabled, doctypes_first_level_id, doctypes_second_level_id, process_delay, delay1, delay2, process_mode) VALUES (1201, 'Phone call', 'Y', 1, 12, 21, 14, 1, 'NORMAL');
INSERT INTO doctypes (type_id, description, enabled, doctypes_first_level_id, doctypes_second_level_id, process_delay, delay1, delay2, process_mode) VALUES (1202, 'Intervention query', 'Y', 1, 12, 21, 14, 1, 'NORMAL');
select setval('doctypes_first_level_id_seq', (select max(doctypes_first_level_id)+1 from doctypes_first_level), false);
select setval('doctypes_second_level_id_seq', (select max(doctypes_second_level_id)+1 from doctypes_second_level), false);
select setval('doctypes_type_id_seq', (select max(type_id)+1 from doctypes), false);
TRUNCATE TABLE baskets;
ALTER SEQUENCE baskets_id_seq RESTART WITH 1;
DELETE FROM baskets WHERE basket_id = 'QualificationBasket';
DELETE FROM actions_groupbaskets WHERE basket_id = 'QualificationBasket';
DELETE FROM groupbasket_redirect WHERE basket_id = 'QualificationBasket';
INSERT INTO baskets (basket_id, basket_name, basket_desc, basket_clause, coll_id, is_visible, flag_notif, enabled, basket_order) VALUES ('QualificationBasket', 'Mail to be qualified', 'Bannette de qualification', 'status=''INIT''', 'letterbox_coll', 'Y', 'N', 'Y',10);
DELETE FROM baskets WHERE basket_id = 'NumericBasket';
DELETE FROM actions_groupbaskets WHERE basket_id = 'NumericBasket';
DELETE FROM groupbasket_redirect WHERE basket_id = 'NumericBasket';
INSERT INTO baskets (basket_id, basket_name, basket_desc, basket_clause, coll_id, is_visible, flag_notif, enabled, basket_order) VALUES ('NumericBasket', 'Digital folds to be qualified', 'Plis numériques à qualifier', 'status = ''NUMQUAL''', 'letterbox_coll', 'Y', 'N', 'Y',20);
DELETE FROM baskets WHERE basket_id = 'EenvBasket';
DELETE FROM actions_groupbaskets WHERE basket_id = 'EenvBasket';
DELETE FROM groupbasket_redirect WHERE basket_id = 'EenvBasket';
INSERT INTO baskets (basket_id, basket_name, basket_desc, basket_clause, coll_id, is_visible, flag_notif, enabled, basket_order) VALUES ('EenvBasket', 'Mail to be sent', 'Courriers visés/signés prêts à être envoyés', 'status=''EENV'' and dest_user = @user_id', 'letterbox_coll', 'Y', 'N', 'Y',30);
DELETE FROM baskets WHERE basket_id = 'MyBasket';
DELETE FROM actions_groupbaskets WHERE basket_id = 'MyBasket';
DELETE FROM groupbasket_redirect WHERE basket_id = 'MyBasket';
INSERT INTO baskets (basket_id, basket_name, basket_desc, basket_clause, coll_id, is_visible, flag_notif, enabled, basket_order) VALUES ('MyBasket', 'Mail to be processed', 'Bannette de traitement', 'status in (''NEW'', ''COU'', ''STDBY'', ''ENVDONE'') and dest_user = @user_id', 'letterbox_coll', 'Y', 'Y', 'Y',40);
DELETE FROM baskets WHERE basket_id = 'CopyMailBasket';
DELETE FROM actions_groupbaskets WHERE basket_id = 'CopyMailBasket';
DELETE FROM groupbasket_redirect WHERE basket_id = 'CopyMailBasket';
INSERT INTO baskets (basket_id, basket_name, basket_desc, basket_clause, coll_id, is_visible, flag_notif, enabled, basket_order) VALUES ('CopyMailBasket', 'Mail in copy', 'Courriers en copie non clos ou sans suite', '(res_id in (select res_id from listinstance WHERE item_type = ''user_id'' and item_id = @user_id and item_mode = ''cc'') or res_id in (select res_id from listinstance WHERE item_type = ''entity_id'' and item_mode = ''cc'' and item_id in (@my_entities_id))) and status not in ( ''DEL'', ''END'', ''SSUITE'') and res_id not in (select res_id from res_mark_as_read WHERE user_id = @user_id)', 'letterbox_coll', 'Y', 'N', 'Y',50);
DELETE FROM baskets WHERE basket_id = 'AR_Create';
DELETE FROM actions_groupbaskets WHERE basket_id = 'AR_Create';
DELETE FROM groupbasket_redirect WHERE basket_id = 'AR_Create';
INSERT INTO baskets (basket_id, basket_name, basket_desc, basket_clause, coll_id, is_visible, flag_notif, enabled, basket_order) VALUES ('AR_Create', 'Acknowledgement of Receipt in bulk: not sent', 'AR en masse : non envoyés', 'dest_user = @user_id AND res_id NOT IN(select distinct res_id from acknowledgement_receipts) and status not in (''END'') and category_id = ''incoming''', 'letterbox_coll', 'Y', 'N', 'Y',60);
DELETE FROM baskets WHERE basket_id = 'AR_AlreadySend';
DELETE FROM actions_groupbaskets WHERE basket_id = 'AR_AlreadySend';
DELETE FROM groupbasket_redirect WHERE basket_id = 'AR_AlreadySend';
INSERT INTO baskets (basket_id, basket_name, basket_desc, basket_clause, coll_id, is_visible, flag_notif, enabled, basket_order) VALUES ('AR_AlreadySend', 'Acknowledgement of Receipt in bulk: transmitted', 'AR en masse : transmis', 'dest_user = @user_id AND ((res_id IN(SELECT distinct res_id FROM acknowledgement_receipts WHERE creation_date is not null AND send_date is not null) and status not in (''END'')) OR res_id IN (SELECT distinct res_id FROM acknowledgement_receipts WHERE creation_date is not null AND send_date is null AND format = ''pdf'' and (filename is not null or filename <> '''')))', 'letterbox_coll', 'Y', 'N', 'Y',70);
DELETE FROM baskets WHERE basket_id = 'RetourCourrier';
DELETE FROM actions_groupbaskets WHERE basket_id = 'RetourCourrier';
DELETE FROM groupbasket_redirect WHERE basket_id = 'RetourCourrier';
INSERT INTO baskets (basket_id, basket_name, basket_desc, basket_clause, coll_id, is_visible, flag_notif, enabled, basket_order) VALUES ('RetourCourrier', 'Mail Returns', 'Courriers retournés au service Courrier', 'STATUS=''RET''', 'letterbox_coll', 'Y', 'N', 'Y',80);
DELETE FROM baskets WHERE basket_id = 'DdeAvisBasket';
DELETE FROM actions_groupbaskets WHERE basket_id = 'DdeAvisBasket';
DELETE FROM groupbasket_redirect WHERE basket_id = 'DdeAvisBasket';
INSERT INTO baskets (basket_id, basket_name, basket_desc, basket_clause, coll_id, is_visible, flag_notif, enabled, basket_order) VALUES ('DdeAvisBasket', 'Notice: Notice to be issued', 'Courriers nécessitant un avis', 'status = ''EAVIS'' AND res_id IN (SELECT res_id FROM listinstance WHERE item_type = ''user_id'' AND item_id = @user_id AND item_mode = ''avis'' and process_date is NULL)', 'letterbox_coll', 'Y', 'N', 'Y',90);
DELETE FROM baskets WHERE basket_id = 'SupAvisBasket';
DELETE FROM actions_groupbaskets WHERE basket_id = 'SupAvisBasket';
DELETE FROM groupbasket_redirect WHERE basket_id = 'SupAvisBasket';
INSERT INTO baskets (basket_id, basket_name, basket_desc, basket_clause, coll_id, is_visible, flag_notif, enabled, basket_order) VALUES ('SupAvisBasket', 'Notice: Awaiting reply', 'Courriers en attente d''avis', 'status=''EAVIS'' and ((dest_user = @user_id) OR (DEST_USER IN (select user_id from users_entities WHERE entity_id IN( @my_entities)) or DESTINATION in (@subentities[@my_entities]))) and res_id NOT IN (SELECT res_id FROM listinstance WHERE item_mode = ''avis'' and difflist_type = ''entity_id'' and process_date is not NULL and res_view_letterbox.res_id = res_id group by res_id) AND res_id IN (SELECT res_id FROM listinstance WHERE item_mode = ''avis'' and difflist_type = ''entity_id'' and process_date is NULL and res_view_letterbox.res_id = res_id group by res_id)', 'letterbox_coll', 'Y', 'N', 'Y',100);
DELETE FROM baskets WHERE basket_id = 'RetAvisBasket';
DELETE FROM actions_groupbaskets WHERE basket_id = 'RetAvisBasket';
DELETE FROM groupbasket_redirect WHERE basket_id = 'RetAvisBasket';
INSERT INTO baskets (basket_id, basket_name, basket_desc, basket_clause, coll_id, is_visible, flag_notif, enabled, basket_order) VALUES ('RetAvisBasket', 'Notice: Partial Returns', 'Courriers avec avis reçus', 'status=''EAVIS'' and ((dest_user = @user_id) OR (DEST_USER IN (select user_id from users_entities WHERE entity_id IN( @my_entities)) or DESTINATION in (@subentities[@my_entities]))) and res_id IN (SELECT res_id FROM listinstance WHERE item_mode = ''avis'' and difflist_type = ''entity_id'' and process_date is not NULL and res_view_letterbox.res_id = res_id group by res_id)', 'letterbox_coll', 'Y', 'N', 'Y',110);
DELETE FROM baskets WHERE basket_id = 'ValidationBasket';
DELETE FROM actions_groupbaskets WHERE basket_id = 'ValidationBasket';
DELETE FROM groupbasket_redirect WHERE basket_id = 'ValidationBasket';
INSERT INTO baskets (basket_id, basket_name, basket_desc, basket_clause, coll_id, is_visible, flag_notif, enabled, basket_order) VALUES ('ValidationBasket', 'Tasks to be checked', 'Courriers signalés en attente d''instruction pour les services', 'status=''VAL''', 'letterbox_coll', 'Y', 'N', 'Y',120);
DELETE FROM baskets WHERE basket_id = 'InValidationBasket';
DELETE FROM actions_groupbaskets WHERE basket_id = 'InValidationBasket';
DELETE FROM groupbasket_redirect WHERE basket_id = 'InValidationBasket';
INSERT INTO baskets (basket_id, basket_name, basket_desc, basket_clause, coll_id, is_visible, flag_notif, enabled, basket_order) VALUES ('InValidationBasket', 'Reported mail awaiting instruction', 'Courriers signalés en attente d''instruction par le responsable', 'destination in (@my_entities, @subentities[@my_entities]) and status=''VAL''', 'letterbox_coll', 'Y', 'N', 'Y',130);
DELETE FROM baskets WHERE basket_id = 'LateMailBasket';
DELETE FROM actions_groupbaskets WHERE basket_id = 'LateMailBasket';
DELETE FROM groupbasket_redirect WHERE basket_id = 'LateMailBasket';
INSERT INTO baskets (basket_id, basket_name, basket_desc, basket_clause, coll_id, is_visible, flag_notif, enabled, basket_order) VALUES ('LateMailBasket', 'Late Mail', 'Courriers en retard', 'destination in (@my_entities, @subentities[@my_primary_entity]) and (status <> ''DEL'' AND status <> ''REP'') and (now() > process_limit_date)', 'letterbox_coll', 'Y', 'N', 'Y',140);
DELETE FROM baskets WHERE basket_id = 'DepartmentBasket';
DELETE FROM actions_groupbaskets WHERE basket_id = 'DepartmentBasket';
DELETE FROM groupbasket_redirect WHERE basket_id = 'DepartmentBasket';
INSERT INTO baskets (basket_id, basket_name, basket_desc, basket_clause, coll_id, is_visible, flag_notif, enabled, basket_order) VALUES ('DepartmentBasket', 'Mails from my department', 'Bannette de supervision', 'destination in (@my_entities, @subentities[@my_primary_entity]) and (status <> ''DEL'' AND status <> ''REP'' and status <> ''VAL'')', 'letterbox_coll', 'Y', 'N', 'Y',150);
DELETE FROM baskets WHERE basket_id = 'ParafBasket';
DELETE FROM actions_groupbaskets WHERE basket_id = 'ParafBasket';
DELETE FROM groupbasket_redirect WHERE basket_id = 'ParafBasket';
INSERT INTO baskets (basket_id, basket_name, basket_desc, basket_clause, coll_id, is_visible, flag_notif, enabled, basket_order) VALUES ('ParafBasket', 'Electronic Signature', 'Courriers à viser ou signer dans mon parapheur', 'status in (''ESIG'', ''EVIS'') AND ((res_id, @user_id) IN (SELECT res_id, item_id FROM listinstance WHERE difflist_type = ''VISA_CIRCUIT'' and process_date ISNULL and res_view_letterbox.res_id = res_id order by listinstance_id asc limit 1))', 'letterbox_coll', 'Y', 'N', 'Y',160);
DELETE FROM baskets WHERE basket_id = 'SuiviParafBasket';
DELETE FROM actions_groupbaskets WHERE basket_id = 'SuiviParafBasket';
DELETE FROM groupbasket_redirect WHERE basket_id = 'SuiviParafBasket';
INSERT INTO baskets (basket_id, basket_name, basket_desc, basket_clause, coll_id, is_visible, flag_notif, enabled, basket_order) VALUES ('SuiviParafBasket', 'Mail in visa/signature circuit', 'Courriers en circulation dans les parapheurs électroniques', 'status in (''ESIG'', ''EVIS'') AND dest_user = @user_id', 'letterbox_coll', 'Y', 'N', 'Y',170);
DELETE FROM baskets WHERE basket_id = 'SendToSignatoryBook';
DELETE FROM actions_groupbaskets WHERE basket_id = 'SendToSignatoryBook';
DELETE FROM groupbasket_redirect WHERE basket_id = 'SendToSignatoryBook';
INSERT INTO baskets (basket_id, basket_name, basket_desc, basket_clause, coll_id, is_visible, flag_notif, enabled, basket_order) VALUES ('SendToSignatoryBook', 'Mails sent to the Maarch Signature Server pending or rejected', 'Courriers envoyés au parapheur Maarch en attente ou rejetés', '(status = ''ATT_MP'' or status = ''REJ_SIGN'') AND dest_user = @user_id', 'letterbox_coll', 'Y', 'Y', 'Y',180);
DELETE FROM baskets WHERE basket_id = 'Maileva_Sended';
DELETE FROM actions_groupbaskets WHERE basket_id = 'Maileva_Sended';
DELETE FROM groupbasket_redirect WHERE basket_id = 'Maileva_Sended';
INSERT INTO baskets (basket_id, basket_name, basket_desc, basket_clause, coll_id, is_visible, flag_notif, enabled, basket_order) VALUES ('Maileva_Sended', 'Mail sent via Maileva', 'Courriers transmis via Maileva', 'dest_user = @user_id AND res_id IN(SELECT distinct r.res_id_master from res_attachments r inner join shippings s on s.document_id = r.res_id) and status not in (''END'')', 'letterbox_coll', 'Y', 'N', 'Y',190);
DELETE FROM baskets WHERE basket_id = 'ToArcBasket';
DELETE FROM actions_groupbaskets WHERE basket_id = 'ToArcBasket';
DELETE FROM groupbasket_redirect WHERE basket_id = 'ToArcBasket';
INSERT INTO baskets (basket_id, basket_name, basket_desc, basket_clause, coll_id, is_visible, flag_notif, enabled, basket_order) VALUES ('ToArcBasket', 'Mail to be archived', 'Courriers arrivés en fin de DUC à envoyer en archive intermédiaire', 'status = ''EXP_SEDA'' OR status = ''END'' OR status = ''SEND_SEDA''', 'letterbox_coll', 'Y', 'N', 'Y',200);
DELETE FROM baskets WHERE basket_id = 'SentArcBasket';
DELETE FROM actions_groupbaskets WHERE basket_id = 'SentArcBasket';
DELETE FROM groupbasket_redirect WHERE basket_id = 'SentArcBasket';
INSERT INTO baskets (basket_id, basket_name, basket_desc, basket_clause, coll_id, is_visible, flag_notif, enabled, basket_order) VALUES ('SentArcBasket', 'Mail in the process of being archived', 'Courriers envoyés au SAE, en attente de réponse de transfert', 'status=''ACK_SEDA''', 'letterbox_coll', 'Y', 'N', 'Y',210);
DELETE FROM baskets WHERE basket_id = 'AckArcBasket';
DELETE FROM actions_groupbaskets WHERE basket_id = 'AckArcBasket';
DELETE FROM groupbasket_redirect WHERE basket_id = 'AckArcBasket';
INSERT INTO baskets (basket_id, basket_name, basket_desc, basket_clause, coll_id, is_visible, flag_notif, enabled, basket_order) VALUES ('AckArcBasket', 'Archived mail', 'Courriers archivés et acceptés dans le SAE', 'status=''REPLY_SEDA''', 'letterbox_coll', 'Y', 'N', 'Y',220);
DELETE FROM baskets WHERE basket_id = 'GedSampleBasket';
DELETE FROM actions_groupbaskets WHERE basket_id = 'GedSampleBasket';
DELETE FROM groupbasket_redirect WHERE basket_id = 'GedSampleBasket';
INSERT INTO baskets (basket_id, basket_name, basket_desc, basket_clause, coll_id, is_visible, flag_notif, enabled, basket_order) VALUES ('GedSampleBasket', 'Expiring contracts (contract end date < 3 months)', 'Contrats arrivant à expiration (date fin contrat < 3mois)', 'custom_fields->>''1'' is not null and custom_fields->>''1'' <> '''' and date(custom_fields->>''1'') < now()+ interval ''3 months''', 'letterbox_coll', 'Y', 'Y', 'Y',230);
DELETE FROM baskets WHERE basket_id = 'IntervBasket';
DELETE FROM actions_groupbaskets WHERE basket_id = 'IntervBasket';
DELETE FROM groupbasket_redirect WHERE basket_id = 'IntervBasket';
INSERT INTO baskets (basket_id, basket_name, basket_desc, basket_clause, coll_id, is_visible, flag_notif, enabled, basket_order) VALUES ('IntervBasket', 'Requests from roadwork to be processed', 'Demandes d''''intervention voirie à traiter', 'status in (''NEW'', ''COU'', ''STDBY'', ''ENVDONE'') and dest_user = @user_id and type_id = 1202', 'letterbox_coll', 'Y', 'Y', 'Y',240);
TRUNCATE TABLE status;
INSERT INTO status (id, label_status, is_system, img_filename, maarch_module, can_be_searched, can_be_modified) VALUES ('ATT', 'Pending', 'Y', 'fm-letter-status-attr', 'apps', 'Y', 'Y');
INSERT INTO status (id, label_status, is_system, img_filename, maarch_module, can_be_searched, can_be_modified) VALUES ('COU', 'In progress', 'Y', 'fm-letter-status-inprogress', 'apps', 'Y', 'Y');
INSERT INTO status (id, label_status, is_system, img_filename, maarch_module, can_be_searched, can_be_modified) VALUES ('DEL', 'Deleted', 'Y', 'fm-letter-del', 'apps', 'N', 'Y');
INSERT INTO status (id, label_status, is_system, img_filename, maarch_module, can_be_searched, can_be_modified) VALUES ('END', 'Closed / end of workflow', 'Y', 'fm-letter-status-end', 'apps', 'Y', 'Y');
INSERT INTO status (id, label_status, is_system, img_filename, maarch_module, can_be_searched, can_be_modified) VALUES ('NEW', 'New mail for the service', 'Y', 'fm-letter-status-new', 'apps', 'Y', 'Y');
INSERT INTO status (id, label_status, is_system, img_filename, maarch_module, can_be_searched, can_be_modified) VALUES ('RET', 'Return mail or document in qualification', 'N', 'fm-letter-status-rejected', 'apps', 'Y', 'Y');
INSERT INTO status (id, label_status, is_system, img_filename, maarch_module, can_be_searched, can_be_modified) VALUES ('VAL', 'Reported mail', 'Y', 'fm-letter-status-aval', 'apps', 'Y', 'Y');
INSERT INTO status (id, label_status, is_system, img_filename, maarch_module, can_be_searched, can_be_modified) VALUES ('INIT', 'New unqualified mail or document', 'Y', 'fm-letter-status-attr', 'apps', 'Y', 'Y');
INSERT INTO status (id, label_status, is_system, img_filename, maarch_module, can_be_searched, can_be_modified) VALUES ('VALSG', 'New mail or document in validation SG', 'Y', 'fm-letter-status-attr', 'apps', 'Y', 'Y');
INSERT INTO status (id, label_status, is_system, img_filename, maarch_module, can_be_searched, can_be_modified) VALUES ('ATT_MP', 'Standby tablet (MP)', 'Y', 'fm-letter-status-wait', 'apps', 'Y', 'Y');
INSERT INTO status (id, label_status, is_system, img_filename, maarch_module, can_be_searched, can_be_modified) VALUES ('EAVIS', 'Notice requested', 'N', 'fa-lightbulb', 'apps', 'Y', 'Y');
INSERT INTO status (id, label_status, is_system, img_filename, maarch_module, can_be_searched, can_be_modified) VALUES ('EENV', 'To e-send', 'N', 'fm-letter-status-aenv', 'apps', 'Y', 'Y');
INSERT INTO status (id, label_status, is_system, img_filename, maarch_module, can_be_searched, can_be_modified) VALUES ('ESIG', 'To be e-signed', 'N', 'fm-file-fingerprint', 'apps', 'Y', 'Y');
INSERT INTO status (id, label_status, is_system, img_filename, maarch_module, can_be_searched, can_be_modified) VALUES ('EVIS', 'To look at', 'N', 'fm-letter-status-aval', 'apps', 'Y', 'Y');
INSERT INTO status (id, label_status, is_system, img_filename, maarch_module, can_be_searched, can_be_modified) VALUES ('ESIGAR', 'AR to be e-signed', 'N', 'fm-file-fingerprint', 'apps', 'Y', 'Y');
INSERT INTO status (id, label_status, is_system, img_filename, maarch_module, can_be_searched, can_be_modified) VALUES ('EENVAR', 'AR to e-send', 'N', 'fm-letter-status-aenv', 'apps', 'Y', 'Y');
INSERT INTO status (id, label_status, is_system, img_filename, maarch_module, can_be_searched, can_be_modified) VALUES ('SVX', 'Awaiting SVE treatment', 'N', 'fm-letter-status-wait', 'apps', 'Y', 'Y');
INSERT INTO status (id, label_status, is_system, img_filename, maarch_module, can_be_searched, can_be_modified) VALUES ('SSUITE', 'No details', 'Y', 'fm-letter-del', 'apps', 'Y', 'Y');
INSERT INTO status (id, label_status, is_system, img_filename, maarch_module, can_be_searched, can_be_modified) VALUES ('A_TRA', 'attachement to be processed', 'Y', 'fa-question', 'apps', 'Y', 'Y');
INSERT INTO status (id, label_status, is_system, img_filename, maarch_module, can_be_searched, can_be_modified) VALUES ('FRZ', 'attachement frozen', 'Y', 'fa-pause', 'apps', 'Y', 'Y');
INSERT INTO status (id, label_status, is_system, img_filename, maarch_module, can_be_searched, can_be_modified) VALUES ('TRA', 'attachement processed', 'Y', 'fa-check', 'apps', 'Y', 'Y');
INSERT INTO status (id, label_status, is_system, img_filename, maarch_module, can_be_searched, can_be_modified) VALUES ('OBS', 'attachement obsolete', 'Y', 'fa-pause', 'apps', 'Y', 'Y');
INSERT INTO status (id, label_status, is_system, img_filename, maarch_module, can_be_searched, can_be_modified) VALUES ('TMP', 'attachement draft', 'Y', 'fm-letter-status-inprogress', 'apps', 'N', 'N');
INSERT INTO status (id, label_status, is_system, img_filename, maarch_module, can_be_searched, can_be_modified) VALUES ('EXP_SEDA', 'To be archived', 'Y', 'fm-letter-status-acla', 'apps', 'Y', 'Y');
INSERT INTO status (id, label_status, is_system, img_filename, maarch_module, can_be_searched, can_be_modified) VALUES ('SEND_SEDA', 'Mail sent to the archiving system', 'Y', 'fm-letter-status-inprogress', 'apps', 'Y', 'Y');
INSERT INTO status (id, label_status, is_system, img_filename, maarch_module, can_be_searched, can_be_modified) VALUES ('ACK_SEDA', 'Acknowledgement received', 'Y', 'fm-letter-status-acla', 'apps', 'Y', 'Y');
INSERT INTO status (id, label_status, is_system, img_filename, maarch_module, can_be_searched, can_be_modified) VALUES ('REPLY_SEDA', 'Archived mail', 'Y', 'fm-letter-status-acla', 'apps', 'Y', 'Y');
INSERT INTO status (id, label_status, is_system, img_filename, maarch_module, can_be_searched, can_be_modified) VALUES ('GRC', 'Sent to  GRC', 'N', 'fm-letter-status-inprogress', 'apps', 'Y', 'Y');
INSERT INTO status (id, label_status, is_system, img_filename, maarch_module, can_be_searched, can_be_modified) VALUES ('GRC_TRT', 'In treatment GRC', 'N', 'fm-letter-status-inprogress', 'apps', 'Y', 'Y');
INSERT INTO status (id, label_status, is_system, img_filename, maarch_module, can_be_searched, can_be_modified) VALUES ('GRC_ALERT', 'Returned by the GRC', 'N', 'fm-letter-status-inprogress', 'apps', 'Y', 'Y');
INSERT INTO status (id, label_status, is_system, img_filename, maarch_module, can_be_searched, can_be_modified) VALUES ('RETRN', 'Returned', 'Y', 'fm-letter-outgoing', 'apps', 'N', 'N');
INSERT INTO status (id, label_status, is_system, img_filename, maarch_module, can_be_searched, can_be_modified) VALUES ('NO_RETRN', 'No return', 'Y', 'fm-letter-status-rejected', 'apps', 'N', 'N');
INSERT INTO status (id, label_status, is_system, img_filename, maarch_module, can_be_searched, can_be_modified) VALUES ('PJQUAL', 'attachement to be reconciled', 'Y', 'fm-letter-status-attr', 'apps', 'Y', 'Y');
INSERT INTO status (id, label_status, is_system, img_filename, maarch_module, can_be_searched, can_be_modified) VALUES ('NUMQUAL', 'folds to be qualified', 'Y', 'fm-letter-status-attr', 'apps', 'Y', 'Y');
INSERT INTO status (id, label_status, is_system, img_filename, maarch_module, can_be_searched, can_be_modified) VALUES ('SEND_MASS', 'For direct mail', 'Y', 'fa-mail-bulk', 'apps', 'Y', 'Y');
INSERT INTO status (id, label_status, is_system, img_filename, maarch_module, can_be_searched, can_be_modified) VALUES ('SIGN', 'attachement signed', 'Y', 'fa-check', 'apps', 'Y', 'Y');
INSERT INTO status (id, label_status, is_system, img_filename, maarch_module, can_be_searched, can_be_modified) VALUES ('STDBY', 'Closed with tracking', 'Y', 'fm-letter-status-wait', 'apps', 'Y', 'Y');
INSERT INTO status (id, label_status, is_system, img_filename, maarch_module, can_be_searched, can_be_modified) VALUES ('ENVDONE', 'Sent mail', 'Y', 'fm-letter-status-aenv', 'apps', 'Y', 'Y');
--INSERT INTO status (id, label_status, is_system, img_filename, maarch_module, can_be_searched, can_be_modified) VALUES ('AR_OK', 'Accusé de réception créé', 'Y', 'fa-mail-bulk', 'apps', 'Y', 'Y');
INSERT INTO status (id, label_status, is_system, img_filename, maarch_module, can_be_searched, can_be_modified) VALUES ('REJ_SIGN', 'Signature refused on the tablet (MP)', 'Y', 'fm-letter-status-rejected', 'apps', 'Y', 'Y');
INSERT INTO status (id, label_status, is_system, img_filename, maarch_module, can_be_searched, can_be_modified) VALUES ('PND', 'AR distributed', 'Y', 'fm-letter-status-rejected', 'apps', 'Y', 'Y');
INSERT INTO status (id, label_status, is_system, img_filename, maarch_module, can_be_searched, can_be_modified) VALUES ('DSTRIBUTED', 'AR distribué', 'Y', 'fa-check', 'apps', 'Y', 'Y');

TRUNCATE TABLE tags;
INSERT INTO tags (label) VALUES ('Workshop');
INSERT INTO tags (label) VALUES ('INNOVATION');
INSERT INTO tags (label) VALUES ('MAARCH');
INSERT INTO tags (label) VALUES ('ENVIRONMENT');
INSERT INTO tags (label) VALUES ('PARTNERSHIP');
INSERT INTO tags (label) VALUES ('TWINNING');
INSERT INTO tags (label) VALUES ('ECONOMIE');
INSERT INTO tags (label) VALUES ('ASSOCIATIONS');
INSERT INTO tags (label) VALUES ('HR');
INSERT INTO tags (label) VALUES ('BUDGET');
INSERT INTO tags (label) VALUES ('DISTRICT');
INSERT INTO tags (label) VALUES ('SPORT');
TRUNCATE TABLE indexing_models;
INSERT INTO indexing_models (id, category, label, "default", owner, private) VALUES (1, 'incoming', 'incoming', TRUE, 23, FALSE);
INSERT INTO indexing_models (id, category, label, "default", owner, private) VALUES (2, 'outgoing', 'outgoing', FALSE, 23, FALSE);
INSERT INTO indexing_models (id, category, label, "default", owner, private) VALUES (3, 'internal', 'internal', FALSE, 23, FALSE);
INSERT INTO indexing_models (id, category, label, "default", owner, private) VALUES (4, 'ged_doc', 'ECM Document', FALSE, 23, FALSE);
Select setval('indexing_models_id_seq', (select max(id)+1 from indexing_models), false);
TRUNCATE TABLE usergroups;
TRUNCATE TABLE usergroups_services;
DELETE FROM usergroups WHERE group_id = 'COURRIER';
DELETE FROM usergroups_services WHERE group_id = 'COURRIER';
INSERT INTO usergroups (id, group_id, group_desc, can_index, indexation_parameters) VALUES (1, 'COURRIER', 'Scanning operator', True, '{"actions":["22", "20"], "entities":[], "keywords":["ALL_ENTITIES"]}');
DELETE FROM usergroups WHERE group_id = 'AGENT';
DELETE FROM usergroups_services WHERE group_id = 'AGENT';
INSERT INTO usergroups (id, group_id, group_desc, can_index, indexation_parameters) VALUES (2, 'AGENT', 'User', True, '{"actions":["22", "20"], "entities":[], "keywords":["ALL_ENTITIES"]}');
DELETE FROM usergroups WHERE group_id = 'RESP_COURRIER';
DELETE FROM usergroups_services WHERE group_id = 'RESP_COURRIER';
INSERT INTO usergroups (id, group_id, group_desc, can_index, indexation_parameters) VALUES (3, 'RESP_COURRIER', 'Mail Supervisor', True, '{"actions":["22", "20"], "entities":[], "keywords":["ALL_ENTITIES"]}');
DELETE FROM usergroups WHERE group_id = 'RESPONSABLE';
DELETE FROM usergroups_services WHERE group_id = 'RESPONSABLE';
INSERT INTO usergroups (id, group_id, group_desc, can_index, indexation_parameters) VALUES (4, 'RESPONSABLE', 'Manager', True, '{"actions":["22", "20"], "entities":[], "keywords":["ALL_ENTITIES"]}');
DELETE FROM usergroups WHERE group_id = 'ADMINISTRATEUR_N1';
DELETE FROM usergroups_services WHERE group_id = 'ADMINISTRATEUR_N1';
INSERT INTO usergroups (id, group_id, group_desc, can_index, indexation_parameters) VALUES (5, 'ADMINISTRATEUR_N1', 'Admin. Functional N1', False, '{"actions" : [], "entities" : [], "keywords" : []}');
DELETE FROM usergroups WHERE group_id = 'ADMINISTRATEUR_N2';
DELETE FROM usergroups_services WHERE group_id = 'ADMINISTRATEUR_N2';
INSERT INTO usergroups (id, group_id, group_desc, can_index, indexation_parameters) VALUES (6, 'ADMINISTRATEUR_N2', 'Admin. Functional N2', False, '{"actions" : [], "entities" : [], "keywords" : []}');
DELETE FROM usergroups WHERE group_id = 'DIRECTEUR';
DELETE FROM usergroups_services WHERE group_id = 'DIRECTEUR';
INSERT INTO usergroups (id, group_id, group_desc, can_index, indexation_parameters) VALUES (7, 'DIRECTEUR', 'Director', False, '{"actions" : [], "entities" : [], "keywords" : []}');
DELETE FROM usergroups WHERE group_id = 'ELU';
DELETE FROM usergroups_services WHERE group_id = 'ELU';
INSERT INTO usergroups (id, group_id, group_desc, can_index, indexation_parameters) VALUES (8, 'ELU', 'Elected', False, '{"actions" : [], "entities" : [], "keywords" : []}');
DELETE FROM usergroups WHERE group_id = 'CABINET';
DELETE FROM usergroups_services WHERE group_id = 'CABINET';
INSERT INTO usergroups (id, group_id, group_desc, can_index, indexation_parameters) VALUES (9, 'CABINET', 'Cabinet', False, '{"actions" : [], "entities" : [], "keywords" : []}');
DELETE FROM usergroups WHERE group_id = 'ARCHIVISTE';
DELETE FROM usergroups_services WHERE group_id = 'ARCHIVISTE';
INSERT INTO usergroups (id, group_id, group_desc, can_index, indexation_parameters) VALUES (10, 'ARCHIVISTE', 'Archivist', False, '{"actions" : [], "entities" : [], "keywords" : []}');
DELETE FROM usergroups WHERE group_id = 'MAARCHTOGEC';
DELETE FROM usergroups_services WHERE group_id = 'MAARCHTOGEC';
INSERT INTO usergroups (id, group_id, group_desc, can_index, indexation_parameters) VALUES (11, 'MAARCHTOGEC', 'Dematerialised sending', False, '{"actions" : [], "entities" : [], "keywords" : []}');
DELETE FROM usergroups WHERE group_id = 'SERVICE';
DELETE FROM usergroups_services WHERE group_id = 'SERVICE';
INSERT INTO usergroups (id, group_id, group_desc, can_index, indexation_parameters) VALUES (12, 'SERVICE', 'Service', False, '{"actions" : [], "entities" : [], "keywords" : []}');
DELETE FROM usergroups WHERE group_id = 'WEBSERVICE';
DELETE FROM usergroups_services WHERE group_id = 'WEBSERVICE';
INSERT INTO usergroups (id, group_id, group_desc, can_index, indexation_parameters) VALUES (13, 'WEBSERVICE', 'WebService users', True, '{"actions":["22", "20"], "entities":[], "keywords":["ALL_ENTITIES"]}');
select setval('usergroups_id_seq', (select max(id)+1 from usergroups), false);
INSERT INTO usergroups_services (group_id, service_id) VALUES ('COURRIER', 'admin');
INSERT INTO usergroups_services (group_id, service_id) VALUES ('COURRIER', 'adv_search_mlb');
INSERT INTO usergroups_services (group_id, service_id) VALUES ('COURRIER', 'create_contacts');
INSERT INTO usergroups_services (group_id, service_id) VALUES ('COURRIER', 'update_contacts');
INSERT INTO usergroups_services (group_id, service_id) VALUES ('COURRIER', 'update_status_mail');
INSERT INTO usergroups_services (group_id, service_id) VALUES ('COURRIER', 'view_technical_infos');
INSERT INTO usergroups_services (group_id, service_id) VALUES ('COURRIER', 'view_doc_history');
INSERT INTO usergroups_services (group_id, service_id) VALUES ('COURRIER', 'view_full_history');
INSERT INTO usergroups_services (group_id, service_id) VALUES ('COURRIER', 'add_links');
INSERT INTO usergroups_services (group_id, service_id) VALUES ('COURRIER', 'edit_resource');
INSERT INTO usergroups_services (group_id, service_id) VALUES ('COURRIER', 'update_diffusion_indexing');
INSERT INTO usergroups_services (group_id, service_id) VALUES ('COURRIER', 'update_diffusion_details');
INSERT INTO usergroups_services (group_id, service_id) VALUES ('COURRIER', 'entities_print_sep_mlb');
INSERT INTO usergroups_services (group_id, service_id) VALUES ('COURRIER', 'sendmail');
INSERT INTO usergroups_services (group_id, service_id) VALUES ('COURRIER', 'use_mail_services');
INSERT INTO usergroups_services (group_id, service_id) VALUES ('COURRIER', 'admin_registered_mail');
INSERT INTO usergroups_services (group_id, service_id) VALUES ('COURRIER', 'include_folders_and_followed_resources_perimeter');
INSERT INTO usergroups_services (group_id, service_id) VALUES ('COURRIER', 'manage_attachments');
INSERT INTO usergroups_services (group_id, service_id) VALUES ('COURRIER', 'view_documents_with_notes');
INSERT INTO usergroups_services (group_id, service_id) VALUES ('COURRIER', 'add_new_version');
INSERT INTO usergroups_services (group_id, service_id) VALUES ('COURRIER', 'view_version_letterbox');
INSERT INTO usergroups_services (group_id, service_id) VALUES ('COURRIER', 'print_folder_doc');
INSERT INTO usergroups_services (group_id, service_id) VALUES ('COURRIER', 'manage_tags_application');
INSERT INTO usergroups_services (group_id, service_id) VALUES ('COURRIER', 'private_tag');
INSERT INTO usergroups_services (group_id, service_id) VALUES ('COURRIER', '_print_sep');
INSERT INTO usergroups_services (group_id, service_id) VALUES ('COURRIER', 'physical_archive_print_sep_mlb');
INSERT INTO usergroups_services (group_id, service_id) VALUES ('COURRIER', 'manage_numeric_package');
INSERT INTO usergroups_services (group_id, service_id) VALUES ('AGENT', 'adv_search_mlb');
INSERT INTO usergroups_services (group_id, service_id) VALUES ('AGENT', 'create_contacts');
INSERT INTO usergroups_services (group_id, service_id) VALUES ('AGENT', 'update_contacts');
INSERT INTO usergroups_services (group_id, service_id) VALUES ('AGENT', 'view_doc_history');
INSERT INTO usergroups_services (group_id, service_id) VALUES ('AGENT', 'add_links');
INSERT INTO usergroups_services (group_id, service_id) VALUES ('AGENT', 'update_diffusion_indexing');
INSERT INTO usergroups_services (group_id, service_id) VALUES ('AGENT', 'update_diffusion_details');
INSERT INTO usergroups_services (group_id, service_id) VALUES ('AGENT', 'sendmail');
INSERT INTO usergroups_services (group_id, service_id) VALUES ('AGENT', 'use_mail_services');
INSERT INTO usergroups_services (group_id, service_id) VALUES ('AGENT', 'include_folders_and_followed_resources_perimeter');
INSERT INTO usergroups_services (group_id, service_id) VALUES ('AGENT', 'manage_attachments');
INSERT INTO usergroups_services (group_id, service_id) VALUES ('AGENT', 'view_documents_with_notes');
INSERT INTO usergroups_services (group_id, service_id) VALUES ('AGENT', 'add_new_version');
INSERT INTO usergroups_services (group_id, service_id) VALUES ('AGENT', 'view_version_letterbox');
INSERT INTO usergroups_services (group_id, service_id) VALUES ('AGENT', 'config_visa_workflow');
INSERT INTO usergroups_services (group_id, service_id) VALUES ('AGENT', 'config_visa_workflow_in_detail');
INSERT INTO usergroups_services (group_id, service_id) VALUES ('AGENT', 'print_folder_doc');
INSERT INTO usergroups_services (group_id, service_id) VALUES ('AGENT', 'config_avis_workflow');
INSERT INTO usergroups_services (group_id, service_id) VALUES ('AGENT', 'config_avis_workflow_in_detail');
INSERT INTO usergroups_services (group_id, service_id) VALUES ('AGENT', 'private_tag');
INSERT INTO usergroups_services (group_id, service_id) VALUES ('AGENT', 'manage_numeric_package');
INSERT INTO usergroups_services (group_id, service_id) VALUES ('RESP_COURRIER', 'adv_search_mlb');
INSERT INTO usergroups_services (group_id, service_id) VALUES ('RESP_COURRIER', 'create_contacts');
INSERT INTO usergroups_services (group_id, service_id) VALUES ('RESP_COURRIER', 'update_contacts');
INSERT INTO usergroups_services (group_id, service_id) VALUES ('RESP_COURRIER', 'view_doc_history');
INSERT INTO usergroups_services (group_id, service_id) VALUES ('RESP_COURRIER', 'view_full_history');
INSERT INTO usergroups_services (group_id, service_id) VALUES ('RESP_COURRIER', 'add_links');
INSERT INTO usergroups_services (group_id, service_id) VALUES ('RESP_COURRIER', 'edit_resource');
INSERT INTO usergroups_services (group_id, service_id) VALUES ('RESP_COURRIER', 'update_diffusion_indexing');
INSERT INTO usergroups_services (group_id, service_id) VALUES ('RESP_COURRIER', 'update_diffusion_details');
INSERT INTO usergroups_services (group_id, service_id) VALUES ('RESP_COURRIER', 'update_diffusion_process');
INSERT INTO usergroups_services (group_id, service_id) VALUES ('RESP_COURRIER', 'sendmail');
INSERT INTO usergroups_services (group_id, service_id) VALUES ('RESP_COURRIER', 'use_mail_services');
INSERT INTO usergroups_services (group_id, service_id) VALUES ('RESP_COURRIER', 'admin_registered_mail');
INSERT INTO usergroups_services (group_id, service_id) VALUES ('RESP_COURRIER', 'include_folders_and_followed_resources_perimeter');
INSERT INTO usergroups_services (group_id, service_id) VALUES ('RESP_COURRIER', 'view_documents_with_notes');
INSERT INTO usergroups_services (group_id, service_id) VALUES ('RESP_COURRIER', 'add_new_version');
INSERT INTO usergroups_services (group_id, service_id) VALUES ('RESP_COURRIER', 'view_version_letterbox');
INSERT INTO usergroups_services (group_id, service_id) VALUES ('RESP_COURRIER', 'sign_document');
INSERT INTO usergroups_services (group_id, service_id) VALUES ('RESP_COURRIER', 'visa_documents');
INSERT INTO usergroups_services (group_id, service_id) VALUES ('RESP_COURRIER', 'print_folder_doc');
INSERT INTO usergroups_services (group_id, service_id) VALUES ('RESP_COURRIER', 'private_tag');
INSERT INTO usergroups_services (group_id, service_id) VALUES ('RESP_COURRIER', 'manage_numeric_package');
INSERT INTO usergroups_services (group_id, service_id) VALUES ('RESPONSABLE', 'adv_search_mlb');
INSERT INTO usergroups_services (group_id, service_id) VALUES ('RESPONSABLE', 'create_contacts');
INSERT INTO usergroups_services (group_id, service_id) VALUES ('RESPONSABLE', 'update_contacts');
INSERT INTO usergroups_services (group_id, service_id) VALUES ('RESPONSABLE', 'view_doc_history');
INSERT INTO usergroups_services (group_id, service_id) VALUES ('RESPONSABLE', 'add_links');
INSERT INTO usergroups_services (group_id, service_id) VALUES ('RESPONSABLE', 'update_diffusion_indexing');
INSERT INTO usergroups_services (group_id, service_id) VALUES ('RESPONSABLE', 'update_diffusion_details');
INSERT INTO usergroups_services (group_id, service_id) VALUES ('RESPONSABLE', 'sendmail');
INSERT INTO usergroups_services (group_id, service_id) VALUES ('RESPONSABLE', 'use_mail_services');
INSERT INTO usergroups_services (group_id, service_id) VALUES ('RESPONSABLE', 'include_folders_and_followed_resources_perimeter');
INSERT INTO usergroups_services (group_id, service_id) VALUES ('RESPONSABLE', 'manage_attachments');
INSERT INTO usergroups_services (group_id, service_id) VALUES ('RESPONSABLE', 'view_documents_with_notes');
INSERT INTO usergroups_services (group_id, service_id) VALUES ('RESPONSABLE', 'add_new_version');
INSERT INTO usergroups_services (group_id, service_id) VALUES ('RESPONSABLE', 'view_version_letterbox');
INSERT INTO usergroups_services (group_id, service_id) VALUES ('RESPONSABLE', 'config_visa_workflow');
INSERT INTO usergroups_services (group_id, service_id) VALUES ('RESPONSABLE', 'config_visa_workflow_in_detail');
INSERT INTO usergroups_services (group_id, service_id) VALUES ('RESPONSABLE', 'sign_document');
INSERT INTO usergroups_services (group_id, service_id) VALUES ('RESPONSABLE', 'visa_documents');
INSERT INTO usergroups_services (group_id, service_id) VALUES ('RESPONSABLE', 'modify_visa_in_signatureBook');
INSERT INTO usergroups_services (group_id, service_id) VALUES ('RESPONSABLE', 'print_folder_doc');
INSERT INTO usergroups_services (group_id, service_id) VALUES ('RESPONSABLE', 'config_avis_workflow');
INSERT INTO usergroups_services (group_id, service_id) VALUES ('RESPONSABLE', 'config_avis_workflow_in_detail');
INSERT INTO usergroups_services (group_id, service_id) VALUES ('RESPONSABLE', 'avis_documents');
INSERT INTO usergroups_services (group_id, service_id) VALUES ('RESPONSABLE', 'private_tag');
INSERT INTO usergroups_services (group_id, service_id) VALUES ('RESPONSABLE', 'manage_numeric_package');
INSERT INTO usergroups_services (group_id, service_id) VALUES ('ADMINISTRATEUR_N1', 'admin');
INSERT INTO usergroups_services (group_id, service_id) VALUES ('ADMINISTRATEUR_N1', 'adv_search_mlb');
INSERT INTO usergroups_services (group_id, service_id) VALUES ('ADMINISTRATEUR_N1', 'admin_users');
INSERT INTO usergroups_services (group_id, service_id) VALUES ('ADMINISTRATEUR_N1', 'admin_groups');
INSERT INTO usergroups_services (group_id, service_id) VALUES ('ADMINISTRATEUR_N1', 'admin_architecture');
INSERT INTO usergroups_services (group_id, service_id) VALUES ('ADMINISTRATEUR_N1', 'view_history');
INSERT INTO usergroups_services (group_id, service_id) VALUES ('ADMINISTRATEUR_N1', 'view_history_batch');
INSERT INTO usergroups_services (group_id, service_id) VALUES ('ADMINISTRATEUR_N1', 'admin_status');
INSERT INTO usergroups_services (group_id, service_id) VALUES ('ADMINISTRATEUR_N1', 'admin_actions');
INSERT INTO usergroups_services (group_id, service_id) VALUES ('ADMINISTRATEUR_N1', 'admin_contacts');
INSERT INTO usergroups_services (group_id, service_id) VALUES ('ADMINISTRATEUR_N1', 'admin_indexing_models');
INSERT INTO usergroups_services (group_id, service_id) VALUES ('ADMINISTRATEUR_N1', 'admin_custom_fields');
INSERT INTO usergroups_services (group_id, service_id) VALUES ('ADMINISTRATEUR_N1', 'create_contacts');
INSERT INTO usergroups_services (group_id, service_id) VALUES ('ADMINISTRATEUR_N1', 'update_contacts');
INSERT INTO usergroups_services (group_id, service_id) VALUES ('ADMINISTRATEUR_N1', 'update_status_mail');
INSERT INTO usergroups_services (group_id, service_id) VALUES ('ADMINISTRATEUR_N1', 'view_technical_infos');
INSERT INTO usergroups_services (group_id, service_id) VALUES ('ADMINISTRATEUR_N1', 'view_doc_history');
INSERT INTO usergroups_services (group_id, service_id) VALUES ('ADMINISTRATEUR_N1', 'view_full_history');
INSERT INTO usergroups_services (group_id, service_id) VALUES ('ADMINISTRATEUR_N1', 'add_links');
INSERT INTO usergroups_services (group_id, service_id) VALUES ('ADMINISTRATEUR_N1', 'admin_parameters');
INSERT INTO usergroups_services (group_id, service_id) VALUES ('ADMINISTRATEUR_N1', 'admin_priorities');
INSERT INTO usergroups_services (group_id, service_id) VALUES ('ADMINISTRATEUR_N1', 'edit_resource');
INSERT INTO usergroups_services (group_id, service_id) VALUES ('ADMINISTRATEUR_N1', 'admin_email_server');
INSERT INTO usergroups_services (group_id, service_id) VALUES ('ADMINISTRATEUR_N1', 'admin_shippings');
INSERT INTO usergroups_services (group_id, service_id) VALUES ('ADMINISTRATEUR_N1', 'admin_baskets');
INSERT INTO usergroups_services (group_id, service_id) VALUES ('ADMINISTRATEUR_N1', 'manage_entities');
INSERT INTO usergroups_services (group_id, service_id) VALUES ('ADMINISTRATEUR_N1', 'admin_difflist_types');
INSERT INTO usergroups_services (group_id, service_id) VALUES ('ADMINISTRATEUR_N1', 'admin_listmodels');
INSERT INTO usergroups_services (group_id, service_id) VALUES ('ADMINISTRATEUR_N1', 'update_diffusion_indexing');
INSERT INTO usergroups_services (group_id, service_id) VALUES ('ADMINISTRATEUR_N1', 'update_diffusion_details');
INSERT INTO usergroups_services (group_id, service_id) VALUES ('ADMINISTRATEUR_N1', 'update_diffusion_process');
INSERT INTO usergroups_services (group_id, service_id) VALUES ('ADMINISTRATEUR_N1', 'entities_print_sep_mlb');
INSERT INTO usergroups_services (group_id, service_id) VALUES ('ADMINISTRATEUR_N1', 'sendmail');
INSERT INTO usergroups_services (group_id, service_id) VALUES ('ADMINISTRATEUR_N1', 'use_mail_services');
INSERT INTO usergroups_services (group_id, service_id) VALUES ('ADMINISTRATEUR_N1', 'admin_registered_mail');
INSERT INTO usergroups_services (group_id, service_id) VALUES ('ADMINISTRATEUR_N1', 'include_folders_and_followed_resources_perimeter');
INSERT INTO usergroups_services (group_id, service_id) VALUES ('ADMINISTRATEUR_N1', 'admin_alfresco');
INSERT INTO usergroups_services (group_id, service_id) VALUES ('ADMINISTRATEUR_N1', 'admin_search');
INSERT INTO usergroups_services (group_id, service_id) VALUES ('ADMINISTRATEUR_N1', 'manage_attachments');
INSERT INTO usergroups_services (group_id, service_id) VALUES ('ADMINISTRATEUR_N1', 'view_documents_with_notes');
INSERT INTO usergroups_services (group_id, service_id) VALUES ('ADMINISTRATEUR_N1', 'add_new_version');
INSERT INTO usergroups_services (group_id, service_id) VALUES ('ADMINISTRATEUR_N1', 'view_version_letterbox');
INSERT INTO usergroups_services (group_id, service_id) VALUES ('ADMINISTRATEUR_N1', 'config_visa_workflow');
INSERT INTO usergroups_services (group_id, service_id) VALUES ('ADMINISTRATEUR_N1', 'config_visa_workflow_in_detail');
INSERT INTO usergroups_services (group_id, service_id) VALUES ('ADMINISTRATEUR_N1', 'print_folder_doc');
INSERT INTO usergroups_services (group_id, service_id) VALUES ('ADMINISTRATEUR_N1', 'config_avis_workflow');
INSERT INTO usergroups_services (group_id, service_id) VALUES ('ADMINISTRATEUR_N1', 'admin_templates');
INSERT INTO usergroups_services (group_id, service_id) VALUES ('ADMINISTRATEUR_N1', 'admin_tag');
INSERT INTO usergroups_services (group_id, service_id) VALUES ('ADMINISTRATEUR_N1', 'manage_tags_application');
INSERT INTO usergroups_services (group_id, service_id) VALUES ('ADMINISTRATEUR_N1', 'private_tag');
INSERT INTO usergroups_services (group_id, service_id) VALUES ('ADMINISTRATEUR_N1', 'admin_notif');
INSERT INTO usergroups_services (group_id, service_id) VALUES ('ADMINISTRATEUR_N1', '_print_sep');
INSERT INTO usergroups_services (group_id, service_id) VALUES ('ADMINISTRATEUR_N1', 'physical_archive_print_sep_mlb');
INSERT INTO usergroups_services (group_id, service_id) VALUES ('ADMINISTRATEUR_N1', 'physical_archive_batch_manage');
INSERT INTO usergroups_services (group_id, service_id) VALUES ('ADMINISTRATEUR_N1', 'admin_life_cycle');
INSERT INTO usergroups_services (group_id, service_id) VALUES ('ADMINISTRATEUR_N2', 'admin');
INSERT INTO usergroups_services (group_id, service_id) VALUES ('ADMINISTRATEUR_N2', 'view_doc_history');
INSERT INTO usergroups_services (group_id, service_id) VALUES ('ADMINISTRATEUR_N2', 'view_full_history');
INSERT INTO usergroups_services (group_id, service_id) VALUES ('ADMINISTRATEUR_N2', 'edit_resource');
INSERT INTO usergroups_services (group_id, service_id) VALUES ('ADMINISTRATEUR_N2', 'include_folders_and_followed_resources_perimeter');
INSERT INTO usergroups_services (group_id, service_id) VALUES ('ADMINISTRATEUR_N2', 'admin_templates');
INSERT INTO usergroups_services (group_id, service_id) VALUES ('ADMINISTRATEUR_N2', 'admin_tag');
INSERT INTO usergroups_services (group_id, service_id) VALUES ('ELU', 'include_folders_and_followed_resources_perimeter');
INSERT INTO usergroups_services (group_id, service_id) VALUES ('ELU', 'sign_document');
INSERT INTO usergroups_services (group_id, service_id) VALUES ('ELU', 'visa_documents');
INSERT INTO usergroups_services (group_id, service_id) VALUES ('ELU', 'avis_documents');
INSERT INTO usergroups_services (group_id, service_id) VALUES ('ARCHIVISTE', 'adv_search_mlb');
INSERT INTO usergroups_services (group_id, service_id) VALUES ('ARCHIVISTE', 'create_contacts');
INSERT INTO usergroups_services (group_id, service_id) VALUES ('ARCHIVISTE', 'update_contacts');
INSERT INTO usergroups_services (group_id, service_id) VALUES ('ARCHIVISTE', 'view_technical_infos');
INSERT INTO usergroups_services (group_id, service_id) VALUES ('ARCHIVISTE', 'view_doc_history');
INSERT INTO usergroups_services (group_id, service_id) VALUES ('ARCHIVISTE', 'view_full_history');
INSERT INTO usergroups_services (group_id, service_id) VALUES ('ARCHIVISTE', 'sendmail');
INSERT INTO usergroups_services (group_id, service_id) VALUES ('ARCHIVISTE', 'include_folders_and_followed_resources_perimeter');
INSERT INTO usergroups_services (group_id, service_id) VALUES ('ARCHIVISTE', 'avis_documents');
INSERT INTO usergroups_services (group_id, service_id) VALUES ('ARCHIVISTE', 'export_seda_view');
INSERT INTO usergroups_services (group_id, service_id) VALUES ('MAARCHTOGEC', 'include_folders_and_followed_resources_perimeter');
INSERT INTO usergroups_services (group_id, service_id) VALUES ('MAARCHTOGEC', 'manage_numeric_package');
INSERT INTO usergroups_services (group_id, service_id) VALUES ('WEBSERVICE', 'include_folders_and_followed_resources_perimeter');
TRUNCATE TABLE actions;
INSERT INTO actions (id, keyword, label_action, id_status, is_system, action_page, history, component) VALUES (1,  'redirect', 'redirect', 'NEW', 'Y', 'redirect', 'Y', 'redirectAction');
--INSERT INTO actions (id, keyword, label_action, id_status, is_system, action_page, history, component) VALUES (2,  '', 'Attribuer au service', 'NEW', 'N', 'confirm_status', 'Y', 'confirmAction');
INSERT INTO actions (id, keyword, label_action, id_status, is_system, action_page, history, component) VALUES (3,  '', 'Send back to Mail Room', 'RET', 'N', 'confirm_status', 'Y', 'confirmAction');
INSERT INTO actions (id, keyword, label_action, id_status, is_system, action_page, history, component) VALUES (4,  '', 'Save', '_NOSTATUS_', 'N', 'confirm_status', 'N', 'confirmAction');
INSERT INTO actions (id, keyword, label_action, id_status, is_system, action_page, history, component) VALUES (5,  '', 'Send back to processing', 'COU', 'N', 'confirm_status', 'Y', 'confirmAction');
INSERT INTO actions (id, keyword, label_action, id_status, is_system, action_page, history, component) VALUES (6,  '', 'Delete correspondence', 'DEL', 'N', 'confirm_status', 'Y', 'confirmAction');
INSERT INTO actions (id, keyword, label_action, id_status, is_system, action_page, history, component) VALUES (18, 'redirect', 'Qualify mail', 'NEW', 'N', 'redirect', 'Y', 'redirectAction');
INSERT INTO actions (id, keyword, label_action, id_status, is_system, action_page, history, component) VALUES (19, '', 'Process mail', 'COU', 'N', 'confirm_status', 'N', 'confirmAction');
INSERT INTO actions (id, keyword, label_action, id_status, is_system, action_page, history, component, parameters) VALUES (20, '', 'Close mail', 'END', 'N', 'close_mail', 'Y', 'closeMailAction', '{"requiredFields": []}');
INSERT INTO actions (id, label_action, id_status, is_system, history, component) VALUES (21, 'Send mail for  validation', 'VAL', 'N', 'Y', 'confirmAction');
INSERT INTO actions (id, keyword, label_action, id_status, is_system, action_page, history, component) VALUES (22, '', 'Send to service', 'NEW', 'N', 'confirm_status', 'Y', 'confirmAction');
--INSERT INTO actions (id, keyword, label_action, id_status, is_system, action_page, history, component) VALUES (23, 'indexing', 'Attribuer au(x) service(s)', 'NEW', 'N', 'confirm_status', 'Y', 'confirmAction');
INSERT INTO actions (id, keyword, label_action, id_status, is_system, action_page, history, component) VALUES (24, 'indexing', 'Remettre en validation', 'VAL', 'N', 'confirm_status', 'Y', 'confirmAction');
INSERT INTO actions (id, keyword, label_action, id_status, is_system, action_page, history, component) VALUES (36, '', 'Ask for instruction', 'EAVIS', 'N', 'send_docs_to_recommendation', 'Y', 'sendToParallelOpinion');
INSERT INTO actions (id, keyword, label_action, id_status, is_system, action_page, history, component) VALUES (37, '', 'Give an instruction', '_NOSTATUS_', 'N', 'avis_workflow_simple', 'Y', 'giveOpinionParallelAction');
INSERT INTO actions (id, keyword, label_action, id_status, is_system, action_page, history, component) VALUES (100, '', 'View document', '', 'N', 'view', 'N', '');
--INSERT INTO actions (id, keyword, label_action, id_status, is_system, action_page, history, component) VALUES (101, '', 'Envoyer pour visa', 'VIS', 'N', 'confirm_status', 'Y', 'confirmAction');
INSERT INTO actions (id, keyword, label_action, id_status, is_system, action_page, history, component) VALUES (114, '', 'Mark as read', '', 'N', 'mark_as_read', 'N', 'resMarkAsReadAction');
--INSERT INTO actions (id, keyword, label_action, id_status, is_system, action_page, history, component) VALUES (122, '', 'Attribuer au service', 'NEW', 'N', 'confirm_status', 'Y', 'confirmAction');
--INSERT INTO actions (id, keyword, label_action, id_status, is_system, action_page, history, component) VALUES (123, 'indexing', 'Attribuer au(x) service(s)', 'NEW', 'N', 'confirm_status', 'Y', 'confirmAction');
--INSERT INTO actions (id, keyword, label_action, id_status, is_system, action_page, history, component) VALUES (210, '', 'Transmettre l''AR signé', 'EENVAR', 'N', 'confirm_status', 'Y', 'confirmAction');
INSERT INTO actions (id, keyword, label_action, id_status, is_system, action_page, history, component, parameters) VALUES (400, '', 'Send an ACK', '_NOSTATUS_', 'N', 'send_attachments_to_contact', 'Y', 'createAcknowledgementReceiptsAction', '{"mode": "manual"}');
INSERT INTO actions (id, keyword, label_action, id_status, is_system, action_page, history, component) VALUES (405, '', 'Give a visa', '_NOSTATUS_', 'N', 'confirm_status', 'Y', 'confirmAction');
INSERT INTO actions (id, keyword, label_action, id_status, is_system, action_page, history, component) VALUES (407, '', 'Send back to processing', 'COU', 'N', 'confirm_status', 'Y', 'confirmAction');
INSERT INTO actions (id, keyword, label_action, id_status, is_system, action_page, history, component) VALUES (408, '', 'Refuse visa and go back to previous validator', '_NOSTATUS_', 'N',  'rejection_visa_previous', 'N', 'rejectVisaBackToPreviousAction');
--INSERT INTO actions (id, keyword, label_action, id_status, is_system, action_page, history, component) VALUES (410, '', 'Transmettre la réponse signée', 'EENV', 'N', 'interrupt_visa', 'Y', 'interruptVisaAction');
INSERT INTO actions (id, keyword, label_action, id_status, is_system, action_page, history, component) VALUES (410, '', 'Transmit signed answer', 'EENV', 'N', 'interrupt_status', 'Y', 'continueVisaCircuitAction');
INSERT INTO actions (id, keyword, label_action, id_status, is_system, action_page, history, component) VALUES (414, '', 'Send to signbook', 'EVIS', 'N', 'send_to_visa', 'Y', 'sendSignatureBookAction');
INSERT INTO actions (id, keyword, label_action, id_status, is_system, action_page, history, component) VALUES (416, '', 'Approve and proceed', '_NOSTATUS_', 'N', 'visa_workflow', 'Y', 'continueVisaCircuitAction');
--INSERT INTO actions (id, keyword, label_action, id_status, is_system, action_page, history, component, parameters) VALUES (417, '', 'Envoyer l''AR', 'SVX', 'N', 'send_to_contact_with_mandatory_attachment', 'Y', 'createAcknowledgementReceiptsAction', '{"mode": "manual"}');
INSERT INTO actions (id, keyword, label_action, id_status, is_system, action_page, history, component) VALUES (420, '', 'Stop following', 'SSUITE', 'N', 'confirm_status', 'Y', 'confirmAction');
INSERT INTO actions (id, keyword, label_action, id_status, is_system, action_page, history, component) VALUES (421, '', 'Send back to mailroom', 'RET', 'N', 'confirm_status', 'Y', 'confirmAction');
INSERT INTO actions (id, keyword, label_action, id_status, is_system, action_page, history, component) VALUES (431, '', 'Send to GRC', 'GRC', 'N', 'confirm_status', 'Y', 'confirmAction');
INSERT INTO actions (id, keyword, label_action, id_status, is_system, action_page, history, component) VALUES (500, '', 'Send to archiving system', 'SEND_SEDA', 'N', 'export_seda', 'Y', 'sendToRecordManagementAction');
INSERT INTO actions (id, keyword, label_action, id_status, is_system, action_page, history, component) VALUES (501, '', 'Acknowledge archiving', 'ACK_SEDA', 'N', 'check_acknowledgment', 'Y', 'checkAcknowledgmentRecordManagementAction');
INSERT INTO actions (id, keyword, label_action, id_status, is_system, action_page, history, component) VALUES (502, '', 'Send archiving acknowledge', 'REPLY_SEDA', 'N', 'check_reply', 'Y', 'checkReplyRecordManagementAction');
INSERT INTO actions (id, keyword, label_action, id_status, is_system, action_page, history, component) VALUES (503, '', 'Delete mail', 'DEL', 'N', 'purge_letter', 'Y', 'confirmAction');
INSERT INTO actions (id, keyword, label_action, id_status, is_system, action_page, history, component) VALUES (504, '', 'Reset mail', 'END', 'N', 'reset_letter', 'Y', 'resetRecordManagementAction');
INSERT INTO actions (id, keyword, label_action, id_status, is_system, action_page, history, component, parameters) VALUES (505, '', 'Close with follow-up', 'STDBY', 'N', 'close_mail', 'Y', 'closeMailAction', '{"requiredFields": []}');
INSERT INTO actions (id, keyword, label_action, id_status, is_system, action_page, history, component) VALUES (506, '', 'End follow-up', 'END', 'N', 'confirm_status', 'Y', 'confirmAction');
INSERT INTO actions (id, keyword, label_action, id_status, is_system, action_page, history, component) VALUES (507, '', 'Validate posting', 'ENVDONE', 'N', 'confirm_status', 'Y', 'confirmAction');
--INSERT INTO actions (id, keyword, label_action, id_status, is_system, action_page, history, component) VALUES (522, '', 'Envoyer en validation DGS', 'VAL', 'N', 'confirm_status', 'Y', 'confirmAction');
--INSERT INTO actions (id, keyword, label_action, id_status, is_system, action_page, history, component) VALUES (523, 'indexing', 'Envoyer en validation DGS', 'VAL', 'N', 'confirm_status', 'Y', 'confirmAction');
INSERT INTO actions (id, keyword, label_action, id_status, is_system, action_page, history, component) VALUES (524, '', 'Set persistent mode on', '_NOSTATUS_', 'N', 'set_persistent_mode_on', 'N', 'enabledBasketPersistenceAction');
INSERT INTO actions (id, keyword, label_action, id_status, is_system, action_page, history, component) VALUES (525, '', 'Set persistent mode off', '_NOSTATUS_', 'N', 'set_persistent_mode_off', 'N', 'disabledBasketPersistenceAction');
--INSERT INTO actions (id, keyword, label_action, id_status, is_system, action_page, history, component) VALUES (526, '', 'Libérer les courriers', 'VAL', 'Y', 'Y', 'confirm_status', 'N', 'confirmAction');
INSERT INTO actions (id, keyword, label_action, id_status, is_system, action_page, history, component) VALUES (527, '', 'Send to tablette (Maarch Parapheur)', 'ATT_MP', 'N', 'sendToExternalSignatureBook', 'Y', 'sendExternalSignatoryBookAction');
INSERT INTO actions (id, keyword, label_action, id_status, is_system, action_page, history, component, parameters) VALUES (528, '', 'Generate acknowledgements of receipt', '_NOSTATUS_', 'N', 'create_acknowledgement_receipt', 'Y', 'createAcknowledgementReceiptsAction', '{"mode": "both"}');
INSERT INTO actions (id, keyword, label_action, id_status, is_system, action_page, history, component) VALUES (529, '', 'Envoyer un pli postal Maileva', '_NOSTATUS_', 'N', 'send_shipping', 'Y', 'sendShippingAction');
INSERT INTO actions (id, keyword, label_action, id_status, is_system, action_page, history, component, parameters) VALUES (530, '', 'Re-generate the paper acknowledgements of receipt if bp printing', '_NOSTATUS_', 'N', 'create_acknowledgement_receipt', 'Y', 'createAcknowledgementReceiptsAction', '{"mode": "both"}');
INSERT INTO actions (id, keyword, label_action, id_status, is_system, action_page, history, component) VALUES (531, '', 'Send for annotation in tablette (Maarch Parapheur)', 'ATT_MP', 'N', 'sendToExternalSignatureBook', 'Y', 'sendExternalSignatoryBookAction');
--INSERT INTO actions (id, keyword, label_action, id_status, is_system, action_page, history, component, required_fields) VALUES (532, '', 'Cloturer intervention', 'END', 'N', 'close_mail', 'Y', 'closeMailAction','["indexingCustomField_2"]');
INSERT INTO actions (id, keyword, label_action, id_status, is_system, action_page, history, component) VALUES (532, '', 'Save and print registered mail', 'NEW', 'N', 'saveAndPrintRegisteredMail', 'Y', 'saveAndPrintRegisteredMailAction');
INSERT INTO actions (id, keyword, label_action, id_status, is_system, action_page, history, component) VALUES (533, '', 'Save the registered and stay on the index page.', 'NEW', 'N', 'saveAndIndexRegisteredMail', 'Y', 'saveAndIndexRegisteredMailAction');
INSERT INTO actions (id, keyword, label_action, id_status, is_system, action_page, history, component) VALUES (534, '', 'Print recommended', '_NOSTATUS_', 'N', 'printRegisteredMail', 'Y', 'printRegisteredMailAction');
INSERT INTO actions (id, keyword, label_action, id_status, is_system, action_page, history, component) VALUES (535, '', 'Print the fold description', '_NOSTATUS_', 'N', 'printDepositList', 'Y', 'printDepositListAction');
INSERT INTO actions (id, keyword, label_action, id_status, is_system, action_page, history, component) VALUES (536, '', 'Register registered mail', 'NEW', 'N', 'saveRegisteredMail', 'Y', 'saveRegisteredMailAction');
Select setval('actions_id_seq', (select max(id)+1 from actions), false);
TRUNCATE TABLE actions_categories;
INSERT INTO actions_categories (action_id, category_id) VALUES (20, 'incoming');
INSERT INTO actions_categories (action_id, category_id) VALUES (20, 'outgoing');
INSERT INTO actions_categories (action_id, category_id) VALUES (20, 'internal');
INSERT INTO actions_categories (action_id, category_id) VALUES (20, 'ged_doc');
INSERT INTO actions_categories (action_id, category_id) VALUES (22, 'incoming');
INSERT INTO actions_categories (action_id, category_id) VALUES (22, 'outgoing');
INSERT INTO actions_categories (action_id, category_id) VALUES (22, 'internal');
INSERT INTO actions_categories (action_id, category_id) VALUES (22, 'ged_doc');
INSERT INTO actions_categories (action_id, category_id) VALUES (414, 'incoming');
INSERT INTO actions_categories (action_id, category_id) VALUES (414, 'outgoing');
INSERT INTO actions_categories (action_id, category_id) VALUES (414, 'internal');
INSERT INTO actions_categories (action_id, category_id) VALUES (414, 'ged_doc');
INSERT INTO actions_categories (action_id, category_id) VALUES (532, 'registeredMail');
INSERT INTO actions_categories (action_id, category_id) VALUES (533, 'registeredMail');
INSERT INTO actions_categories (action_id, category_id) VALUES (534, 'registeredMail');
INSERT INTO actions_categories (action_id, category_id) VALUES (535, 'registeredMail');
INSERT INTO actions_categories (action_id, category_id) VALUES (536, 'registeredMail');
TRUNCATE TABLE users_baskets_preferences;
INSERT INTO users_baskets_preferences (user_serial_id, group_serial_id, basket_id, display)
SELECT usergroup_content.user_id, usergroups.id, groupbasket.basket_id, TRUE FROM usergroups, groupbasket, usergroup_content
WHERE groupbasket.group_id = usergroups.group_id AND usergroups.id = usergroup_content.group_id
ORDER BY usergroup_content.user_id;


TRUNCATE TABLE actions_groupbaskets;
INSERT INTO actions_groupbaskets (id_action, where_clause, group_id, basket_id, used_in_basketlist, used_in_action_page, default_action_list) VALUES (24, '', 'COURRIER', 'RetourCourrier', 'N', 'Y', 'Y');
INSERT INTO actions_groupbaskets (id_action, where_clause, group_id, basket_id, used_in_basketlist, used_in_action_page, default_action_list) VALUES (22, '', 'COURRIER', 'RetourCourrier', 'N', 'Y', 'N');
INSERT INTO actions_groupbaskets (id_action, where_clause, group_id, basket_id, used_in_basketlist, used_in_action_page, default_action_list) VALUES (531, '', 'COURRIER', 'RetourCourrier', 'N', 'Y', 'N');
INSERT INTO actions_groupbaskets (id_action, where_clause, group_id, basket_id, used_in_basketlist, used_in_action_page, default_action_list) VALUES (18, '', 'COURRIER', 'QualificationBasket', 'N', 'Y', 'Y');
INSERT INTO actions_groupbaskets (id_action, where_clause, group_id, basket_id, used_in_basketlist, used_in_action_page, default_action_list) VALUES (18, '', 'COURRIER', 'NumericBasket', 'N', 'Y', 'Y');

INSERT INTO actions_groupbaskets (id_action, where_clause, group_id, basket_id, used_in_basketlist, used_in_action_page, default_action_list) VALUES (22, '', 'RESP_COURRIER', 'ValidationBasket', 'N', 'Y', 'Y');
--INSERT INTO actions_groupbaskets (id_action, where_clause, group_id, basket_id, used_in_basketlist, used_in_action_page, default_action_list) VALUES (23, '', 'RESP_COURRIER', 'ValidationBasket', 'Y', 'N', 'N');
INSERT INTO actions_groupbaskets (id_action, where_clause, group_id, basket_id, used_in_basketlist, used_in_action_page, default_action_list) VALUES (3, '', 'RESP_COURRIER', 'ValidationBasket', 'N', 'Y', 'N');
INSERT INTO actions_groupbaskets (id_action, where_clause, group_id, basket_id, used_in_basketlist, used_in_action_page, default_action_list) VALUES (420, '', 'RESP_COURRIER', 'ValidationBasket', 'N', 'Y', 'N');
INSERT INTO actions_groupbaskets (id_action, where_clause, group_id, basket_id, used_in_basketlist, used_in_action_page, default_action_list) VALUES (531, '', 'RESP_COURRIER', 'ValidationBasket', 'N', 'Y', 'N');

INSERT INTO actions_groupbaskets (id_action, where_clause, group_id, basket_id, used_in_basketlist, used_in_action_page, default_action_list) VALUES (19, '', 'AGENT', 'CopyMailBasket', 'N', 'Y', 'Y');
INSERT INTO actions_groupbaskets (id_action, where_clause, group_id, basket_id, used_in_basketlist, used_in_action_page, default_action_list) VALUES (114, '', 'AGENT', 'CopyMailBasket', 'Y', 'N', 'N');

INSERT INTO actions_groupbaskets (id_action, where_clause, group_id, basket_id, used_in_basketlist, used_in_action_page, default_action_list) VALUES (19, '', 'AGENT', 'MyBasket', 'N', 'Y', 'Y');
INSERT INTO actions_groupbaskets (id_action, where_clause, group_id, basket_id, used_in_basketlist, used_in_action_page, default_action_list) VALUES (1, '', 'AGENT', 'MyBasket', 'N', 'Y', 'N');
INSERT INTO actions_groupbaskets (id_action, where_clause, group_id, basket_id, used_in_basketlist, used_in_action_page, default_action_list) VALUES (414, '', 'AGENT', 'MyBasket', 'N', 'Y', 'N');
INSERT INTO actions_groupbaskets (id_action, where_clause, group_id, basket_id, used_in_basketlist, used_in_action_page, default_action_list) VALUES (36, '', 'AGENT', 'MyBasket', 'N', 'Y', 'N');
INSERT INTO actions_groupbaskets (id_action, where_clause, group_id, basket_id, used_in_basketlist, used_in_action_page, default_action_list) VALUES (3, '', 'AGENT', 'MyBasket', 'N', 'Y', 'N');
INSERT INTO actions_groupbaskets (id_action, where_clause, group_id, basket_id, used_in_basketlist, used_in_action_page, default_action_list) VALUES (20, 'closing_date IS NULL', 'AGENT', 'MyBasket', 'N', 'Y', 'N');
--INSERT INTO actions_groupbaskets (id_action, where_clause, group_id, basket_id, used_in_basketlist, used_in_action_page, default_action_list) VALUES (505, 'closing_date IS NULL', 'AGENT', 'MyBasket', 'N', 'Y', 'N');
INSERT INTO actions_groupbaskets (id_action, where_clause, group_id, basket_id, used_in_basketlist, used_in_action_page, default_action_list) VALUES (506, 'closing_date IS NOT NULL', 'AGENT', 'MyBasket', 'N', 'Y', 'N');
INSERT INTO actions_groupbaskets (id_action, where_clause, group_id, basket_id, used_in_basketlist, used_in_action_page, default_action_list) VALUES (400, '', 'AGENT', 'MyBasket', 'N', 'Y', 'N');

INSERT INTO actions_groupbaskets (id_action, where_clause, group_id, basket_id, used_in_basketlist, used_in_action_page, default_action_list) VALUES (19, '', 'AGENT', 'DepartmentBasket', 'N', 'Y', 'Y');
INSERT INTO actions_groupbaskets (id_action, where_clause, group_id, basket_id, used_in_basketlist, used_in_action_page, default_action_list) VALUES (20, '', 'AGENT', 'DepartmentBasket', 'Y', 'N', 'N');
INSERT INTO actions_groupbaskets (id_action, where_clause, group_id, basket_id, used_in_basketlist, used_in_action_page, default_action_list) VALUES (3, '', 'AGENT', 'DepartmentBasket', 'Y', 'N', 'N');
INSERT INTO actions_groupbaskets (id_action, where_clause, group_id, basket_id, used_in_basketlist, used_in_action_page, default_action_list) VALUES (1, '', 'AGENT', 'DepartmentBasket', 'Y', 'N', 'N');

INSERT INTO actions_groupbaskets (id_action, where_clause, group_id, basket_id, used_in_basketlist, used_in_action_page, default_action_list) VALUES (4, '', 'AGENT', 'RetAvisBasket', 'N', 'Y', 'Y');
INSERT INTO actions_groupbaskets (id_action, where_clause, group_id, basket_id, used_in_basketlist, used_in_action_page, default_action_list) VALUES (5, '', 'AGENT', 'RetAvisBasket', 'Y', 'Y', 'N');
INSERT INTO actions_groupbaskets (id_action, where_clause, group_id, basket_id, used_in_basketlist, used_in_action_page, default_action_list) VALUES (37, '', 'AGENT', 'DdeAvisBasket', 'N', 'Y', 'N');
INSERT INTO actions_groupbaskets (id_action, where_clause, group_id, basket_id, used_in_basketlist, used_in_action_page, default_action_list) VALUES (4, '', 'AGENT', 'DdeAvisBasket', 'N', 'Y', 'Y');
INSERT INTO actions_groupbaskets (id_action, where_clause, group_id, basket_id, used_in_basketlist, used_in_action_page, default_action_list) VALUES (4, '', 'AGENT', 'SupAvisBasket', 'N', 'Y', 'Y');
INSERT INTO actions_groupbaskets (id_action, where_clause, group_id, basket_id, used_in_basketlist, used_in_action_page, default_action_list) VALUES (5, '', 'AGENT', 'SupAvisBasket', 'Y', 'Y', 'N');
INSERT INTO actions_groupbaskets (id_action, where_clause, group_id, basket_id, used_in_basketlist, used_in_action_page, default_action_list) VALUES (19, '', 'AGENT', 'EenvBasket', 'N', 'Y', 'Y');
INSERT INTO actions_groupbaskets (id_action, where_clause, group_id, basket_id, used_in_basketlist, used_in_action_page, default_action_list) VALUES (507, '', 'AGENT', 'EenvBasket', 'Y', 'N', 'N');
INSERT INTO actions_groupbaskets (id_action, where_clause, group_id, basket_id, used_in_basketlist, used_in_action_page, default_action_list) VALUES (529, '', 'AGENT', 'EenvBasket', 'Y', 'N', 'N');
INSERT INTO actions_groupbaskets (id_action, where_clause, group_id, basket_id, used_in_basketlist, used_in_action_page, default_action_list) VALUES (20, '', 'AGENT', 'EenvBasket', 'Y', 'Y', 'N');
INSERT INTO actions_groupbaskets (id_action, where_clause, group_id, basket_id, used_in_basketlist, used_in_action_page, default_action_list) VALUES (19, '', 'AGENT', 'SuiviParafBasket', 'N', 'Y', 'Y');
INSERT INTO actions_groupbaskets (id_action, where_clause, group_id, basket_id, used_in_basketlist, used_in_action_page, default_action_list) VALUES (527, '', 'AGENT', 'MyBasket', 'Y', 'Y', 'N');
INSERT INTO actions_groupbaskets (id_action, where_clause, group_id, basket_id, used_in_basketlist, used_in_action_page, default_action_list) VALUES (19, '', 'AGENT', 'AR_Create', 'N', 'Y', 'Y');
INSERT INTO actions_groupbaskets (id_action, where_clause, group_id, basket_id, used_in_basketlist, used_in_action_page, default_action_list) VALUES (528, '', 'AGENT', 'AR_Create', 'Y', 'N', 'N');
INSERT INTO actions_groupbaskets (id_action, where_clause, group_id, basket_id, used_in_basketlist, used_in_action_page, default_action_list) VALUES (19, '', 'AGENT', 'AR_AlreadySend', 'N', 'Y', 'Y');
INSERT INTO actions_groupbaskets (id_action, where_clause, group_id, basket_id, used_in_basketlist, used_in_action_page, default_action_list) VALUES (530, '', 'AGENT', 'AR_AlreadySend', 'Y', 'N', 'N');
INSERT INTO actions_groupbaskets (id_action, where_clause, group_id, basket_id, used_in_basketlist, used_in_action_page, default_action_list) VALUES (19, '', 'AGENT', 'GedSampleBasket', 'N', 'Y', 'Y');
INSERT INTO actions_groupbaskets (id_action, where_clause, group_id, basket_id, used_in_basketlist, used_in_action_page, default_action_list) VALUES (19, '', 'AGENT', 'IntervBasket', 'N', 'Y', 'Y');
INSERT INTO actions_groupbaskets (id_action, where_clause, group_id, basket_id, used_in_basketlist, used_in_action_page, default_action_list) VALUES (532, '', 'AGENT', 'IntervBasket', 'N', 'Y', 'N');

INSERT INTO actions_groupbaskets (id_action, where_clause, group_id, basket_id, used_in_basketlist, used_in_action_page, default_action_list) VALUES (19, '', 'RESPONSABLE', 'MyBasket', 'N', 'Y', 'Y');
INSERT INTO actions_groupbaskets (id_action, where_clause, group_id, basket_id, used_in_basketlist, used_in_action_page, default_action_list) VALUES (1, '', 'RESPONSABLE', 'MyBasket', 'N', 'Y', 'N');
INSERT INTO actions_groupbaskets (id_action, where_clause, group_id, basket_id, used_in_basketlist, used_in_action_page, default_action_list) VALUES (414, '', 'RESPONSABLE', 'MyBasket', 'N', 'Y', 'N');
INSERT INTO actions_groupbaskets (id_action, where_clause, group_id, basket_id, used_in_basketlist, used_in_action_page, default_action_list) VALUES (36, '', 'RESPONSABLE', 'MyBasket', 'N', 'Y', 'N');
INSERT INTO actions_groupbaskets (id_action, where_clause, group_id, basket_id, used_in_basketlist, used_in_action_page, default_action_list) VALUES (3, '', 'RESPONSABLE', 'MyBasket', 'N', 'Y', 'N');
INSERT INTO actions_groupbaskets (id_action, where_clause, group_id, basket_id, used_in_basketlist, used_in_action_page, default_action_list) VALUES (20, 'closing_date IS NULL', 'RESPONSABLE', 'MyBasket', 'N', 'Y', 'N');
--INSERT INTO actions_groupbaskets (id_action, where_clause, group_id, basket_id, used_in_basketlist, used_in_action_page, default_action_list) VALUES (505, 'closing_date IS NULL', 'RESPONSABLE', 'MyBasket', 'N', 'Y', 'N');
INSERT INTO actions_groupbaskets (id_action, where_clause, group_id, basket_id, used_in_basketlist, used_in_action_page, default_action_list) VALUES (506, 'closing_date IS NOT NULL', 'RESPONSABLE', 'MyBasket', 'N', 'Y', 'N');
INSERT INTO actions_groupbaskets (id_action, where_clause, group_id, basket_id, used_in_basketlist, used_in_action_page, default_action_list) VALUES (400, '', 'RESPONSABLE', 'MyBasket', 'N', 'Y', 'N');
INSERT INTO actions_groupbaskets (id_action, where_clause, group_id, basket_id, used_in_basketlist, used_in_action_page, default_action_list) VALUES (527, '', 'RESPONSABLE', 'MyBasket', 'Y', 'Y', 'N');

INSERT INTO actions_groupbaskets (id_action, where_clause, group_id, basket_id, used_in_basketlist, used_in_action_page, default_action_list) VALUES (19, '', 'RESPONSABLE', 'CopyMailBasket', 'N', 'Y', 'Y');
INSERT INTO actions_groupbaskets (id_action, where_clause, group_id, basket_id, used_in_basketlist, used_in_action_page, default_action_list) VALUES (114, '', 'RESPONSABLE', 'CopyMailBasket', 'Y', 'N', 'N');
INSERT INTO actions_groupbaskets (id_action, where_clause, group_id, basket_id, used_in_basketlist, used_in_action_page, default_action_list) VALUES (19, '', 'RESPONSABLE', 'ValidAnswerBasket', 'N', 'Y', 'Y');
INSERT INTO actions_groupbaskets (id_action, where_clause, group_id, basket_id, used_in_basketlist, used_in_action_page, default_action_list) VALUES (19, '', 'RESPONSABLE', 'DepartmentBasket', 'N', 'Y', 'Y');
INSERT INTO actions_groupbaskets (id_action, where_clause, group_id, basket_id, used_in_basketlist, used_in_action_page, default_action_list) VALUES (20, '', 'RESPONSABLE', 'DepartmentBasket', 'Y', 'N', 'N');
INSERT INTO actions_groupbaskets (id_action, where_clause, group_id, basket_id, used_in_basketlist, used_in_action_page, default_action_list) VALUES (3, '', 'RESPONSABLE', 'DepartmentBasket', 'Y', 'N', 'N');
INSERT INTO actions_groupbaskets (id_action, where_clause, group_id, basket_id, used_in_basketlist, used_in_action_page, default_action_list) VALUES (1, '', 'RESPONSABLE', 'DepartmentBasket', 'Y', 'N', 'N');
INSERT INTO actions_groupbaskets (id_action, where_clause, group_id, basket_id, used_in_basketlist, used_in_action_page, default_action_list) VALUES (37, '', 'RESPONSABLE', 'DdeAvisBasket', 'N', 'Y', 'N');
INSERT INTO actions_groupbaskets (id_action, where_clause, group_id, basket_id, used_in_basketlist, used_in_action_page, default_action_list) VALUES (4, '', 'RESPONSABLE', 'DdeAvisBasket', 'N', 'Y', 'Y');
INSERT INTO actions_groupbaskets (id_action, where_clause, group_id, basket_id, used_in_basketlist, used_in_action_page, default_action_list) VALUES (4, '', 'RESPONSABLE', 'SupAvisBasket', 'N', 'Y', 'Y');
INSERT INTO actions_groupbaskets (id_action, where_clause, group_id, basket_id, used_in_basketlist, used_in_action_page, default_action_list) VALUES (5, '', 'RESPONSABLE', 'SupAvisBasket', 'Y', 'Y', 'N');
INSERT INTO actions_groupbaskets (id_action, where_clause, group_id, basket_id, used_in_basketlist, used_in_action_page, default_action_list) VALUES (4, '', 'RESPONSABLE', 'RetAvisBasket', 'N', 'Y', 'Y');
INSERT INTO actions_groupbaskets (id_action, where_clause, group_id, basket_id, used_in_basketlist, used_in_action_page, default_action_list) VALUES (5, '', 'RESPONSABLE', 'RetAvisBasket', 'Y', 'Y', 'N');
INSERT INTO actions_groupbaskets (id_action, where_clause, group_id, basket_id, used_in_basketlist, used_in_action_page, default_action_list) VALUES (405, '', 'RESPONSABLE', 'ParafBasket', 'N', 'Y', 'Y');
INSERT INTO actions_groupbaskets (id_action, where_clause, group_id, basket_id, used_in_basketlist, used_in_action_page, default_action_list) VALUES (416, '', 'RESPONSABLE', 'ParafBasket', 'N', 'Y', 'N');
INSERT INTO actions_groupbaskets (id_action, where_clause, group_id, basket_id, used_in_basketlist, used_in_action_page, default_action_list) VALUES (407, '', 'RESPONSABLE', 'ParafBasket', 'N', 'Y', 'N');
INSERT INTO actions_groupbaskets (id_action, where_clause, group_id, basket_id, used_in_basketlist, used_in_action_page, default_action_list) VALUES (408, '', 'RESPONSABLE', 'ParafBasket', 'N', 'Y', 'N');
INSERT INTO actions_groupbaskets (id_action, where_clause, group_id, basket_id, used_in_basketlist, used_in_action_page, default_action_list) VALUES (410, '', 'RESPONSABLE', 'ParafBasket', 'N', 'Y', 'N');
INSERT INTO actions_groupbaskets (id_action, where_clause, group_id, basket_id, used_in_basketlist, used_in_action_page, default_action_list) VALUES (19, '', 'RESPONSABLE', 'EenvBasket', 'N', 'Y', 'Y');
INSERT INTO actions_groupbaskets (id_action, where_clause, group_id, basket_id, used_in_basketlist, used_in_action_page, default_action_list) VALUES (507, '', 'RESPONSABLE', 'EenvBasket', 'Y', 'N', 'N');
INSERT INTO actions_groupbaskets (id_action, where_clause, group_id, basket_id, used_in_basketlist, used_in_action_page, default_action_list) VALUES (529, '', 'RESPONSABLE', 'EenvBasket', 'Y', 'N', 'N');
INSERT INTO actions_groupbaskets (id_action, where_clause, group_id, basket_id, used_in_basketlist, used_in_action_page, default_action_list) VALUES (20, '', 'RESPONSABLE', 'EenvBasket', 'Y', 'Y', 'N');
INSERT INTO actions_groupbaskets (id_action, where_clause, group_id, basket_id, used_in_basketlist, used_in_action_page, default_action_list) VALUES (19, '', 'RESPONSABLE', 'SuiviParafBasket', 'N', 'Y', 'Y');
INSERT INTO actions_groupbaskets (id_action, where_clause, group_id, basket_id, used_in_basketlist, used_in_action_page, default_action_list) VALUES (19, '', 'AGENT', 'SendToSignatoryBook', 'N', 'Y', 'Y');
INSERT INTO actions_groupbaskets (id_action, where_clause, group_id, basket_id, used_in_basketlist, used_in_action_page, default_action_list) VALUES (5, '', 'AGENT', 'SendToSignatoryBook', 'Y', 'N', 'N');
INSERT INTO actions_groupbaskets (id_action, where_clause, group_id, basket_id, used_in_basketlist, used_in_action_page, default_action_list) VALUES (19, '', 'RESPONSABLE', 'SendToSignatoryBook', 'N', 'Y', 'Y');
INSERT INTO actions_groupbaskets (id_action, where_clause, group_id, basket_id, used_in_basketlist, used_in_action_page, default_action_list) VALUES (5, '', 'RESPONSABLE', 'SendToSignatoryBook', 'Y', 'N', 'N');

INSERT INTO actions_groupbaskets (id_action, where_clause, group_id, basket_id, used_in_basketlist, used_in_action_page, default_action_list) VALUES (19, '', 'ELU', 'MyBasket', 'N', 'Y', 'Y');
INSERT INTO actions_groupbaskets (id_action, where_clause, group_id, basket_id, used_in_basketlist, used_in_action_page, default_action_list) VALUES (37, '', 'ELU', 'DdeAvisBasket', 'N', 'Y', 'N');
INSERT INTO actions_groupbaskets (id_action, where_clause, group_id, basket_id, used_in_basketlist, used_in_action_page, default_action_list) VALUES (4, '', 'ELU', 'DdeAvisBasket', 'N', 'Y', 'Y');

INSERT INTO actions_groupbaskets (id_action, where_clause, group_id, basket_id, used_in_basketlist, used_in_action_page, default_action_list) VALUES (19, '', 'ARCHIVISTE', 'ToArcBasket', 'N', 'Y', 'Y');
INSERT INTO actions_groupbaskets (id_action, where_clause, group_id, basket_id, used_in_basketlist, used_in_action_page, default_action_list) VALUES (500, '', 'ARCHIVISTE', 'ToArcBasket', 'Y', 'N', 'N');
INSERT INTO actions_groupbaskets (id_action, where_clause, group_id, basket_id, used_in_basketlist, used_in_action_page, default_action_list) VALUES (501, '', 'ARCHIVISTE', 'ToArcBasket', 'Y', 'N', 'N');
INSERT INTO actions_groupbaskets (id_action, where_clause, group_id, basket_id, used_in_basketlist, used_in_action_page, default_action_list) VALUES (502, '', 'ARCHIVISTE', 'SentArcBasket', 'Y', 'N', 'N');
INSERT INTO actions_groupbaskets (id_action, where_clause, group_id, basket_id, used_in_basketlist, used_in_action_page, default_action_list) VALUES (19, '', 'ARCHIVISTE', 'SentArcBasket', 'N', 'Y', 'Y');
INSERT INTO actions_groupbaskets (id_action, where_clause, group_id, basket_id, used_in_basketlist, used_in_action_page, default_action_list) VALUES (19, '', 'ARCHIVISTE', 'AckArcBasket', 'N', 'Y', 'Y');
INSERT INTO actions_groupbaskets (id_action, where_clause, group_id, basket_id, used_in_basketlist, used_in_action_page, default_action_list) VALUES (503, '', 'ARCHIVISTE', 'AckArcBasket', 'Y', 'N', 'N');
INSERT INTO actions_groupbaskets (id_action, where_clause, group_id, basket_id, used_in_basketlist, used_in_action_page, default_action_list) VALUES (504, '', 'ARCHIVISTE', 'AckArcBasket', 'Y', 'N', 'N');

INSERT INTO actions_groupbaskets (id_action, where_clause, group_id, basket_id, used_in_basketlist, used_in_action_page, default_action_list) VALUES (19, '', 'CABINET', 'SuiviBasket', 'N', 'Y', 'Y');
INSERT INTO actions_groupbaskets (id_action, where_clause, group_id, basket_id, used_in_basketlist, used_in_action_page, default_action_list) VALUES (524, '', 'CABINET', 'SuiviBasket', 'Y', 'N', 'N');
INSERT INTO actions_groupbaskets (id_action, where_clause, group_id, basket_id, used_in_basketlist, used_in_action_page, default_action_list) VALUES (525, '', 'CABINET', 'SuiviBasket', 'Y', 'N', 'N');

INSERT INTO actions_groupbaskets (id_action, where_clause, group_id, basket_id, used_in_basketlist, used_in_action_page, default_action_list) VALUES (19, '', 'SERVICE', 'ValidationBasket', 'N', 'Y', 'Y');

INSERT INTO actions_groupbaskets (id_action, where_clause, group_id, basket_id, used_in_basketlist, used_in_action_page, default_action_list) VALUES (19, '', 'AGENT', 'Maileva_Sended', 'N', 'Y', 'Y');

TRUNCATE TABLE actions_groupbaskets;
INSERT INTO actions_groupbaskets (id_action, where_clause, group_id, basket_id, used_in_basketlist, used_in_action_page, default_action_list) VALUES (24, '', 'COURRIER', 'RetourCourrier', 'N', 'Y', 'Y');
INSERT INTO actions_groupbaskets (id_action, where_clause, group_id, basket_id, used_in_basketlist, used_in_action_page, default_action_list) VALUES (22, '', 'COURRIER', 'RetourCourrier', 'N', 'Y', 'N');
INSERT INTO actions_groupbaskets (id_action, where_clause, group_id, basket_id, used_in_basketlist, used_in_action_page, default_action_list) VALUES (531, '', 'COURRIER', 'RetourCourrier', 'N', 'Y', 'N');
INSERT INTO actions_groupbaskets (id_action, where_clause, group_id, basket_id, used_in_basketlist, used_in_action_page, default_action_list) VALUES (18, '', 'COURRIER', 'QualificationBasket', 'N', 'Y', 'Y');
INSERT INTO actions_groupbaskets (id_action, where_clause, group_id, basket_id, used_in_basketlist, used_in_action_page, default_action_list) VALUES (18, '', 'COURRIER', 'NumericBasket', 'N', 'Y', 'Y');

INSERT INTO actions_groupbaskets (id_action, where_clause, group_id, basket_id, used_in_basketlist, used_in_action_page, default_action_list) VALUES (22, '', 'RESP_COURRIER', 'ValidationBasket', 'N', 'Y', 'Y');
--INSERT INTO actions_groupbaskets (id_action, where_clause, group_id, basket_id, used_in_basketlist, used_in_action_page, default_action_list) VALUES (23, '', 'RESP_COURRIER', 'ValidationBasket', 'Y', 'N', 'N');
INSERT INTO actions_groupbaskets (id_action, where_clause, group_id, basket_id, used_in_basketlist, used_in_action_page, default_action_list) VALUES (3, '', 'RESP_COURRIER', 'ValidationBasket', 'N', 'Y', 'N');
INSERT INTO actions_groupbaskets (id_action, where_clause, group_id, basket_id, used_in_basketlist, used_in_action_page, default_action_list) VALUES (420, '', 'RESP_COURRIER', 'ValidationBasket', 'N', 'Y', 'N');
INSERT INTO actions_groupbaskets (id_action, where_clause, group_id, basket_id, used_in_basketlist, used_in_action_page, default_action_list) VALUES (531, '', 'RESP_COURRIER', 'ValidationBasket', 'N', 'Y', 'N');

INSERT INTO actions_groupbaskets (id_action, where_clause, group_id, basket_id, used_in_basketlist, used_in_action_page, default_action_list) VALUES (19, '', 'AGENT', 'CopyMailBasket', 'N', 'Y', 'Y');
INSERT INTO actions_groupbaskets (id_action, where_clause, group_id, basket_id, used_in_basketlist, used_in_action_page, default_action_list) VALUES (114, '', 'AGENT', 'CopyMailBasket', 'Y', 'N', 'N');

INSERT INTO actions_groupbaskets (id_action, where_clause, group_id, basket_id, used_in_basketlist, used_in_action_page, default_action_list) VALUES (19, '', 'AGENT', 'MyBasket', 'N', 'Y', 'Y');
INSERT INTO actions_groupbaskets (id_action, where_clause, group_id, basket_id, used_in_basketlist, used_in_action_page, default_action_list) VALUES (1, '', 'AGENT', 'MyBasket', 'N', 'Y', 'N');
INSERT INTO actions_groupbaskets (id_action, where_clause, group_id, basket_id, used_in_basketlist, used_in_action_page, default_action_list) VALUES (414, '', 'AGENT', 'MyBasket', 'N', 'Y', 'N');
INSERT INTO actions_groupbaskets (id_action, where_clause, group_id, basket_id, used_in_basketlist, used_in_action_page, default_action_list) VALUES (36, '', 'AGENT', 'MyBasket', 'N', 'Y', 'N');
INSERT INTO actions_groupbaskets (id_action, where_clause, group_id, basket_id, used_in_basketlist, used_in_action_page, default_action_list) VALUES (3, '', 'AGENT', 'MyBasket', 'N', 'Y', 'N');
INSERT INTO actions_groupbaskets (id_action, where_clause, group_id, basket_id, used_in_basketlist, used_in_action_page, default_action_list) VALUES (20, 'closing_date IS NULL', 'AGENT', 'MyBasket', 'N', 'Y', 'N');
--INSERT INTO actions_groupbaskets (id_action, where_clause, group_id, basket_id, used_in_basketlist, used_in_action_page, default_action_list) VALUES (505, 'closing_date IS NULL', 'AGENT', 'MyBasket', 'N', 'Y', 'N');
INSERT INTO actions_groupbaskets (id_action, where_clause, group_id, basket_id, used_in_basketlist, used_in_action_page, default_action_list) VALUES (506, 'closing_date IS NOT NULL', 'AGENT', 'MyBasket', 'N', 'Y', 'N');
INSERT INTO actions_groupbaskets (id_action, where_clause, group_id, basket_id, used_in_basketlist, used_in_action_page, default_action_list) VALUES (400, '', 'AGENT', 'MyBasket', 'N', 'Y', 'N');

INSERT INTO actions_groupbaskets (id_action, where_clause, group_id, basket_id, used_in_basketlist, used_in_action_page, default_action_list) VALUES (19, '', 'AGENT', 'DepartmentBasket', 'N', 'Y', 'Y');
INSERT INTO actions_groupbaskets (id_action, where_clause, group_id, basket_id, used_in_basketlist, used_in_action_page, default_action_list) VALUES (20, '', 'AGENT', 'DepartmentBasket', 'Y', 'N', 'N');
INSERT INTO actions_groupbaskets (id_action, where_clause, group_id, basket_id, used_in_basketlist, used_in_action_page, default_action_list) VALUES (3, '', 'AGENT', 'DepartmentBasket', 'Y', 'N', 'N');
INSERT INTO actions_groupbaskets (id_action, where_clause, group_id, basket_id, used_in_basketlist, used_in_action_page, default_action_list) VALUES (1, '', 'AGENT', 'DepartmentBasket', 'Y', 'N', 'N');

INSERT INTO actions_groupbaskets (id_action, where_clause, group_id, basket_id, used_in_basketlist, used_in_action_page, default_action_list) VALUES (4, '', 'AGENT', 'RetAvisBasket', 'N', 'Y', 'Y');
INSERT INTO actions_groupbaskets (id_action, where_clause, group_id, basket_id, used_in_basketlist, used_in_action_page, default_action_list) VALUES (5, '', 'AGENT', 'RetAvisBasket', 'Y', 'Y', 'N');
INSERT INTO actions_groupbaskets (id_action, where_clause, group_id, basket_id, used_in_basketlist, used_in_action_page, default_action_list) VALUES (37, '', 'AGENT', 'DdeAvisBasket', 'N', 'Y', 'N');
INSERT INTO actions_groupbaskets (id_action, where_clause, group_id, basket_id, used_in_basketlist, used_in_action_page, default_action_list) VALUES (4, '', 'AGENT', 'DdeAvisBasket', 'N', 'Y', 'Y');
INSERT INTO actions_groupbaskets (id_action, where_clause, group_id, basket_id, used_in_basketlist, used_in_action_page, default_action_list) VALUES (4, '', 'AGENT', 'SupAvisBasket', 'N', 'Y', 'Y');
INSERT INTO actions_groupbaskets (id_action, where_clause, group_id, basket_id, used_in_basketlist, used_in_action_page, default_action_list) VALUES (5, '', 'AGENT', 'SupAvisBasket', 'Y', 'Y', 'N');
INSERT INTO actions_groupbaskets (id_action, where_clause, group_id, basket_id, used_in_basketlist, used_in_action_page, default_action_list) VALUES (19, '', 'AGENT', 'EenvBasket', 'N', 'Y', 'Y');
INSERT INTO actions_groupbaskets (id_action, where_clause, group_id, basket_id, used_in_basketlist, used_in_action_page, default_action_list) VALUES (507, '', 'AGENT', 'EenvBasket', 'Y', 'N', 'N');
INSERT INTO actions_groupbaskets (id_action, where_clause, group_id, basket_id, used_in_basketlist, used_in_action_page, default_action_list) VALUES (529, '', 'AGENT', 'EenvBasket', 'Y', 'N', 'N');
INSERT INTO actions_groupbaskets (id_action, where_clause, group_id, basket_id, used_in_basketlist, used_in_action_page, default_action_list) VALUES (20, '', 'AGENT', 'EenvBasket', 'Y', 'Y', 'N');
INSERT INTO actions_groupbaskets (id_action, where_clause, group_id, basket_id, used_in_basketlist, used_in_action_page, default_action_list) VALUES (19, '', 'AGENT', 'SuiviParafBasket', 'N', 'Y', 'Y');
INSERT INTO actions_groupbaskets (id_action, where_clause, group_id, basket_id, used_in_basketlist, used_in_action_page, default_action_list) VALUES (527, '', 'AGENT', 'MyBasket', 'Y', 'Y', 'N');
INSERT INTO actions_groupbaskets (id_action, where_clause, group_id, basket_id, used_in_basketlist, used_in_action_page, default_action_list) VALUES (19, '', 'AGENT', 'AR_Create', 'N', 'Y', 'Y');
INSERT INTO actions_groupbaskets (id_action, where_clause, group_id, basket_id, used_in_basketlist, used_in_action_page, default_action_list) VALUES (528, '', 'AGENT', 'AR_Create', 'Y', 'N', 'N');
INSERT INTO actions_groupbaskets (id_action, where_clause, group_id, basket_id, used_in_basketlist, used_in_action_page, default_action_list) VALUES (19, '', 'AGENT', 'AR_AlreadySend', 'N', 'Y', 'Y');
INSERT INTO actions_groupbaskets (id_action, where_clause, group_id, basket_id, used_in_basketlist, used_in_action_page, default_action_list) VALUES (530, '', 'AGENT', 'AR_AlreadySend', 'Y', 'N', 'N');
INSERT INTO actions_groupbaskets (id_action, where_clause, group_id, basket_id, used_in_basketlist, used_in_action_page, default_action_list) VALUES (19, '', 'AGENT', 'GedSampleBasket', 'N', 'Y', 'Y');
INSERT INTO actions_groupbaskets (id_action, where_clause, group_id, basket_id, used_in_basketlist, used_in_action_page, default_action_list) VALUES (19, '', 'AGENT', 'IntervBasket', 'N', 'Y', 'Y');
INSERT INTO actions_groupbaskets (id_action, where_clause, group_id, basket_id, used_in_basketlist, used_in_action_page, default_action_list) VALUES (532, '', 'AGENT', 'IntervBasket', 'N', 'Y', 'N');

INSERT INTO actions_groupbaskets (id_action, where_clause, group_id, basket_id, used_in_basketlist, used_in_action_page, default_action_list) VALUES (19, '', 'RESPONSABLE', 'MyBasket', 'N', 'Y', 'Y');
INSERT INTO actions_groupbaskets (id_action, where_clause, group_id, basket_id, used_in_basketlist, used_in_action_page, default_action_list) VALUES (1, '', 'RESPONSABLE', 'MyBasket', 'N', 'Y', 'N');
INSERT INTO actions_groupbaskets (id_action, where_clause, group_id, basket_id, used_in_basketlist, used_in_action_page, default_action_list) VALUES (414, '', 'RESPONSABLE', 'MyBasket', 'N', 'Y', 'N');
INSERT INTO actions_groupbaskets (id_action, where_clause, group_id, basket_id, used_in_basketlist, used_in_action_page, default_action_list) VALUES (36, '', 'RESPONSABLE', 'MyBasket', 'N', 'Y', 'N');
INSERT INTO actions_groupbaskets (id_action, where_clause, group_id, basket_id, used_in_basketlist, used_in_action_page, default_action_list) VALUES (3, '', 'RESPONSABLE', 'MyBasket', 'N', 'Y', 'N');
INSERT INTO actions_groupbaskets (id_action, where_clause, group_id, basket_id, used_in_basketlist, used_in_action_page, default_action_list) VALUES (20, 'closing_date IS NULL', 'RESPONSABLE', 'MyBasket', 'N', 'Y', 'N');
--INSERT INTO actions_groupbaskets (id_action, where_clause, group_id, basket_id, used_in_basketlist, used_in_action_page, default_action_list) VALUES (505, 'closing_date IS NULL', 'RESPONSABLE', 'MyBasket', 'N', 'Y', 'N');
INSERT INTO actions_groupbaskets (id_action, where_clause, group_id, basket_id, used_in_basketlist, used_in_action_page, default_action_list) VALUES (506, 'closing_date IS NOT NULL', 'RESPONSABLE', 'MyBasket', 'N', 'Y', 'N');
INSERT INTO actions_groupbaskets (id_action, where_clause, group_id, basket_id, used_in_basketlist, used_in_action_page, default_action_list) VALUES (400, '', 'RESPONSABLE', 'MyBasket', 'N', 'Y', 'N');
INSERT INTO actions_groupbaskets (id_action, where_clause, group_id, basket_id, used_in_basketlist, used_in_action_page, default_action_list) VALUES (527, '', 'RESPONSABLE', 'MyBasket', 'Y', 'Y', 'N');

INSERT INTO actions_groupbaskets (id_action, where_clause, group_id, basket_id, used_in_basketlist, used_in_action_page, default_action_list) VALUES (19, '', 'RESPONSABLE', 'CopyMailBasket', 'N', 'Y', 'Y');
INSERT INTO actions_groupbaskets (id_action, where_clause, group_id, basket_id, used_in_basketlist, used_in_action_page, default_action_list) VALUES (114, '', 'RESPONSABLE', 'CopyMailBasket', 'Y', 'N', 'N');
INSERT INTO actions_groupbaskets (id_action, where_clause, group_id, basket_id, used_in_basketlist, used_in_action_page, default_action_list) VALUES (19, '', 'RESPONSABLE', 'ValidAnswerBasket', 'N', 'Y', 'Y');
INSERT INTO actions_groupbaskets (id_action, where_clause, group_id, basket_id, used_in_basketlist, used_in_action_page, default_action_list) VALUES (19, '', 'RESPONSABLE', 'DepartmentBasket', 'N', 'Y', 'Y');
INSERT INTO actions_groupbaskets (id_action, where_clause, group_id, basket_id, used_in_basketlist, used_in_action_page, default_action_list) VALUES (20, '', 'RESPONSABLE', 'DepartmentBasket', 'Y', 'N', 'N');
INSERT INTO actions_groupbaskets (id_action, where_clause, group_id, basket_id, used_in_basketlist, used_in_action_page, default_action_list) VALUES (3, '', 'RESPONSABLE', 'DepartmentBasket', 'Y', 'N', 'N');
INSERT INTO actions_groupbaskets (id_action, where_clause, group_id, basket_id, used_in_basketlist, used_in_action_page, default_action_list) VALUES (1, '', 'RESPONSABLE', 'DepartmentBasket', 'Y', 'N', 'N');
INSERT INTO actions_groupbaskets (id_action, where_clause, group_id, basket_id, used_in_basketlist, used_in_action_page, default_action_list) VALUES (37, '', 'RESPONSABLE', 'DdeAvisBasket', 'N', 'Y', 'N');
INSERT INTO actions_groupbaskets (id_action, where_clause, group_id, basket_id, used_in_basketlist, used_in_action_page, default_action_list) VALUES (4, '', 'RESPONSABLE', 'DdeAvisBasket', 'N', 'Y', 'Y');
INSERT INTO actions_groupbaskets (id_action, where_clause, group_id, basket_id, used_in_basketlist, used_in_action_page, default_action_list) VALUES (4, '', 'RESPONSABLE', 'SupAvisBasket', 'N', 'Y', 'Y');
INSERT INTO actions_groupbaskets (id_action, where_clause, group_id, basket_id, used_in_basketlist, used_in_action_page, default_action_list) VALUES (5, '', 'RESPONSABLE', 'SupAvisBasket', 'Y', 'Y', 'N');
INSERT INTO actions_groupbaskets (id_action, where_clause, group_id, basket_id, used_in_basketlist, used_in_action_page, default_action_list) VALUES (4, '', 'RESPONSABLE', 'RetAvisBasket', 'N', 'Y', 'Y');
INSERT INTO actions_groupbaskets (id_action, where_clause, group_id, basket_id, used_in_basketlist, used_in_action_page, default_action_list) VALUES (5, '', 'RESPONSABLE', 'RetAvisBasket', 'Y', 'Y', 'N');
INSERT INTO actions_groupbaskets (id_action, where_clause, group_id, basket_id, used_in_basketlist, used_in_action_page, default_action_list) VALUES (405, '', 'RESPONSABLE', 'ParafBasket', 'N', 'Y', 'Y');
INSERT INTO actions_groupbaskets (id_action, where_clause, group_id, basket_id, used_in_basketlist, used_in_action_page, default_action_list) VALUES (416, '', 'RESPONSABLE', 'ParafBasket', 'N', 'Y', 'N');
INSERT INTO actions_groupbaskets (id_action, where_clause, group_id, basket_id, used_in_basketlist, used_in_action_page, default_action_list) VALUES (407, '', 'RESPONSABLE', 'ParafBasket', 'N', 'Y', 'N');
INSERT INTO actions_groupbaskets (id_action, where_clause, group_id, basket_id, used_in_basketlist, used_in_action_page, default_action_list) VALUES (408, '', 'RESPONSABLE', 'ParafBasket', 'N', 'Y', 'N');
INSERT INTO actions_groupbaskets (id_action, where_clause, group_id, basket_id, used_in_basketlist, used_in_action_page, default_action_list) VALUES (410, '', 'RESPONSABLE', 'ParafBasket', 'N', 'Y', 'N');
INSERT INTO actions_groupbaskets (id_action, where_clause, group_id, basket_id, used_in_basketlist, used_in_action_page, default_action_list) VALUES (19, '', 'RESPONSABLE', 'EenvBasket', 'N', 'Y', 'Y');
INSERT INTO actions_groupbaskets (id_action, where_clause, group_id, basket_id, used_in_basketlist, used_in_action_page, default_action_list) VALUES (507, '', 'RESPONSABLE', 'EenvBasket', 'Y', 'N', 'N');
INSERT INTO actions_groupbaskets (id_action, where_clause, group_id, basket_id, used_in_basketlist, used_in_action_page, default_action_list) VALUES (529, '', 'RESPONSABLE', 'EenvBasket', 'Y', 'N', 'N');
INSERT INTO actions_groupbaskets (id_action, where_clause, group_id, basket_id, used_in_basketlist, used_in_action_page, default_action_list) VALUES (20, '', 'RESPONSABLE', 'EenvBasket', 'Y', 'Y', 'N');
INSERT INTO actions_groupbaskets (id_action, where_clause, group_id, basket_id, used_in_basketlist, used_in_action_page, default_action_list) VALUES (19, '', 'RESPONSABLE', 'SuiviParafBasket', 'N', 'Y', 'Y');
INSERT INTO actions_groupbaskets (id_action, where_clause, group_id, basket_id, used_in_basketlist, used_in_action_page, default_action_list) VALUES (19, '', 'AGENT', 'SendToSignatoryBook', 'N', 'Y', 'Y');
INSERT INTO actions_groupbaskets (id_action, where_clause, group_id, basket_id, used_in_basketlist, used_in_action_page, default_action_list) VALUES (5, '', 'AGENT', 'SendToSignatoryBook', 'Y', 'N', 'N');
INSERT INTO actions_groupbaskets (id_action, where_clause, group_id, basket_id, used_in_basketlist, used_in_action_page, default_action_list) VALUES (19, '', 'RESPONSABLE', 'SendToSignatoryBook', 'N', 'Y', 'Y');
INSERT INTO actions_groupbaskets (id_action, where_clause, group_id, basket_id, used_in_basketlist, used_in_action_page, default_action_list) VALUES (5, '', 'RESPONSABLE', 'SendToSignatoryBook', 'Y', 'N', 'N');

INSERT INTO actions_groupbaskets (id_action, where_clause, group_id, basket_id, used_in_basketlist, used_in_action_page, default_action_list) VALUES (19, '', 'ELU', 'MyBasket', 'N', 'Y', 'Y');
INSERT INTO actions_groupbaskets (id_action, where_clause, group_id, basket_id, used_in_basketlist, used_in_action_page, default_action_list) VALUES (37, '', 'ELU', 'DdeAvisBasket', 'N', 'Y', 'N');
INSERT INTO actions_groupbaskets (id_action, where_clause, group_id, basket_id, used_in_basketlist, used_in_action_page, default_action_list) VALUES (4, '', 'ELU', 'DdeAvisBasket', 'N', 'Y', 'Y');

INSERT INTO actions_groupbaskets (id_action, where_clause, group_id, basket_id, used_in_basketlist, used_in_action_page, default_action_list) VALUES (19, '', 'ARCHIVISTE', 'ToArcBasket', 'N', 'Y', 'Y');
INSERT INTO actions_groupbaskets (id_action, where_clause, group_id, basket_id, used_in_basketlist, used_in_action_page, default_action_list) VALUES (500, '', 'ARCHIVISTE', 'ToArcBasket', 'Y', 'N', 'N');
INSERT INTO actions_groupbaskets (id_action, where_clause, group_id, basket_id, used_in_basketlist, used_in_action_page, default_action_list) VALUES (501, '', 'ARCHIVISTE', 'ToArcBasket', 'Y', 'N', 'N');
INSERT INTO actions_groupbaskets (id_action, where_clause, group_id, basket_id, used_in_basketlist, used_in_action_page, default_action_list) VALUES (502, '', 'ARCHIVISTE', 'SentArcBasket', 'Y', 'N', 'N');
INSERT INTO actions_groupbaskets (id_action, where_clause, group_id, basket_id, used_in_basketlist, used_in_action_page, default_action_list) VALUES (19, '', 'ARCHIVISTE', 'SentArcBasket', 'N', 'Y', 'Y');
INSERT INTO actions_groupbaskets (id_action, where_clause, group_id, basket_id, used_in_basketlist, used_in_action_page, default_action_list) VALUES (19, '', 'ARCHIVISTE', 'AckArcBasket', 'N', 'Y', 'Y');
INSERT INTO actions_groupbaskets (id_action, where_clause, group_id, basket_id, used_in_basketlist, used_in_action_page, default_action_list) VALUES (503, '', 'ARCHIVISTE', 'AckArcBasket', 'Y', 'N', 'N');
INSERT INTO actions_groupbaskets (id_action, where_clause, group_id, basket_id, used_in_basketlist, used_in_action_page, default_action_list) VALUES (504, '', 'ARCHIVISTE', 'AckArcBasket', 'Y', 'N', 'N');

INSERT INTO actions_groupbaskets (id_action, where_clause, group_id, basket_id, used_in_basketlist, used_in_action_page, default_action_list) VALUES (19, '', 'CABINET', 'SuiviBasket', 'N', 'Y', 'Y');
INSERT INTO actions_groupbaskets (id_action, where_clause, group_id, basket_id, used_in_basketlist, used_in_action_page, default_action_list) VALUES (524, '', 'CABINET', 'SuiviBasket', 'Y', 'N', 'N');
INSERT INTO actions_groupbaskets (id_action, where_clause, group_id, basket_id, used_in_basketlist, used_in_action_page, default_action_list) VALUES (525, '', 'CABINET', 'SuiviBasket', 'Y', 'N', 'N');

INSERT INTO actions_groupbaskets (id_action, where_clause, group_id, basket_id, used_in_basketlist, used_in_action_page, default_action_list) VALUES (19, '', 'SERVICE', 'ValidationBasket', 'N', 'Y', 'Y');

INSERT INTO actions_groupbaskets (id_action, where_clause, group_id, basket_id, used_in_basketlist, used_in_action_page, default_action_list) VALUES (19, '', 'AGENT', 'Maileva_Sended', 'N', 'Y', 'Y');


TRUNCATE TABLE notifications;

INSERT INTO notifications (notification_sid, notification_id, description, event_id, notification_mode, template_id, diffusion_type, diffusion_properties, attachfor_type, attachfor_properties)
VALUES (1, 'USERS', '[administration] Actions on the users of the application', 'users%', 'EMAIL', 2, 'user', 'superadmin', '', '');
INSERT INTO notifications (notification_sid, notification_id, description, event_id, notification_mode, template_id, diffusion_type, diffusion_properties, attachfor_type, attachfor_properties, is_enabled)
VALUES (2, 'RET2', 'Overdue mail', 'alert2', 'EMAIL', 5, 'dest_user', '', '', '', 'Y');
INSERT INTO notifications (notification_sid, notification_id, description, event_id, notification_mode, template_id, diffusion_type, diffusion_properties, attachfor_type, attachfor_properties, is_enabled)
VALUES (3, 'RET1', 'Upcoming Expiring Mail', 'alert1', 'EMAIL', 6, 'dest_user', '', '', '', 'Y');
INSERT INTO notifications (notification_sid, notification_id, description, event_id, notification_mode, template_id, diffusion_type, diffusion_properties, attachfor_type, attachfor_properties, is_enabled)
VALUES (4, 'BASKETS', 'Notification of banners', 'baskets', 'EMAIL', 7, 'dest_user', '', '', '', 'Y');
INSERT INTO notifications (notification_sid, notification_id, description, event_id, notification_mode, template_id, diffusion_type, diffusion_properties, attachfor_type, attachfor_properties, is_enabled)
VALUES (5, 'ANC', 'New annotation on copy mail', 'noteadd', 'EMAIL', 8, 'copy_list', '', '', '', 'Y');
INSERT INTO notifications (notification_sid, notification_id, description, event_id, notification_mode, template_id, diffusion_type, diffusion_properties, attachfor_type, attachfor_properties, is_enabled)
VALUES (6, 'AND', 'New annotation on recipient mail', 'noteadd', 'EMAIL', 8, 'dest_user', '', '', '', 'Y');
INSERT INTO notifications (notification_sid, notification_id, description, event_id, notification_mode, template_id, diffusion_type, diffusion_properties, attachfor_type, attachfor_properties, is_enabled)
VALUES (7, 'RED', 'Mail redirection', '1', 'EMAIL', 7, 'dest_user', '', '', '', 'Y');
INSERT INTO notifications (template_id, notification_id, description, is_enabled, event_id, notification_mode, diffusion_type, diffusion_properties) SELECT template_id, 'QUOTA', 'Alerte lorsque le quota est dépassé', 'Y', 'user_quota', 'EMAIL', 'user', 'superadmin' FROM templates WHERE template_label = 'Quota d''utilisateur';
Select setval('notifications_seq', (select max(notification_sid)+1 from notifications), false);

TRUNCATE TABLE docserver_types;
INSERT INTO docserver_types (docserver_type_id, docserver_type_label, enabled, fingerprint_mode)
VALUES ('DOC', 'Digital documents', 'Y', 'SHA512');
INSERT INTO docserver_types (docserver_type_id, docserver_type_label, enabled, fingerprint_mode)
VALUES ('CONVERT', 'Format conversions', 'Y', 'SHA256');
INSERT INTO docserver_types (docserver_type_id, docserver_type_label, enabled, fingerprint_mode)
VALUES ('FULLTEXT', 'Full text', 'Y', 'SHA256');
INSERT INTO docserver_types (docserver_type_id, docserver_type_label, enabled, fingerprint_mode)
VALUES ('TNL', 'Miniatures', 'Y', 'NONE');
INSERT INTO docserver_types (docserver_type_id, docserver_type_label, enabled, fingerprint_mode)
VALUES ('TEMPLATES', 'Document templates', 'Y', 'NONE');
INSERT INTO docserver_types (docserver_type_id, docserver_type_label, enabled, fingerprint_mode)
VALUES ('ARCHIVETRANSFER', 'Digital archive', 'Y', 'SHA256');
INSERT INTO docserver_types (docserver_type_id, docserver_type_label, enabled)
VALUES ('ACKNOWLEDGEMENT_RECEIPTS', 'Acknowledgements of receipt', 'Y');

TRUNCATE TABLE priorities;
INSERT INTO priorities (id, label, color, delays, "order") VALUES ('poiuytre1357nbvc', 'Normal', '#009dc5', 30, 1);
INSERT INTO priorities (id, label, color, delays, "order") VALUES ('poiuytre1379nbvc', 'Urgent', '#ffa500', 8, 2);
INSERT INTO priorities (id, label, color, delays, "order") VALUES ('poiuytre1391nbvc', 'very  urgent', '#ff0000', 4, 3)
